test_id,PM2.5,PM10,O3
dongsi_aq#0,23.0,104.0,32.0
dongsi_aq#1,17.0,86.0,55.0
dongsi_aq#2,16.0,57.0,72.0
dongsi_aq#3,10.0,35.0,87.0
dongsi_aq#4,11.0,24.0,87.0
dongsi_aq#5,12.0,39.0,97.0
dongsi_aq#6,14.0,44.0,118.0
dongsi_aq#7,17.0,42.0,123.0
dongsi_aq#8,11.0,50.0,120.0
dongsi_aq#9,19.0,87.0,119.0
dongsi_aq#10,24.0,99.0,114.0
dongsi_aq#11,23.0,87.0,113.0
dongsi_aq#12,27.0,88.0,101.0
dongsi_aq#13,31.0,79.0,93.0
dongsi_aq#14,32.0,84.0,85.0
dongsi_aq#15,37.0,88.0,65.0
dongsi_aq#16,42.0,102.0,51.0
dongsi_aq#17,127.0,76.67,43.0
dongsi_aq#18,154.0,76.67,24.0
dongsi_aq#19,45.0,111.0,18.0
dongsi_aq#20,121.0,76.67,14.0
dongsi_aq#21,80.0,121.0,2.0
dongsi_aq#22,49.0,122.0,2.0
dongsi_aq#23,73.0,130.0,2.0
dongsi_aq#24,23.0,104.0,32.0
dongsi_aq#25,17.0,86.0,55.0
dongsi_aq#26,16.0,57.0,72.0
dongsi_aq#27,10.0,35.0,87.0
dongsi_aq#28,11.0,24.0,87.0
dongsi_aq#29,12.0,39.0,97.0
dongsi_aq#30,14.0,44.0,118.0
dongsi_aq#31,17.0,42.0,123.0
dongsi_aq#32,11.0,50.0,120.0
dongsi_aq#33,19.0,87.0,119.0
dongsi_aq#34,24.0,99.0,114.0
dongsi_aq#35,23.0,87.0,113.0
dongsi_aq#36,27.0,88.0,101.0
dongsi_aq#37,31.0,79.0,93.0
dongsi_aq#38,32.0,84.0,85.0
dongsi_aq#39,37.0,88.0,65.0
dongsi_aq#40,42.0,102.0,51.0
dongsi_aq#41,127.0,76.67,43.0
dongsi_aq#42,154.0,76.67,24.0
dongsi_aq#43,45.0,111.0,18.0
dongsi_aq#44,121.0,76.67,14.0
dongsi_aq#45,80.0,121.0,2.0
dongsi_aq#46,49.0,122.0,2.0
dongsi_aq#47,73.0,130.0,2.0
tiantan_aq#0,11.0,60.0,17.0
tiantan_aq#1,14.0,29.0,51.0
tiantan_aq#2,17.0,28.0,74.0
tiantan_aq#3,9.0,37.0,84.0
tiantan_aq#4,9.0,49.0,79.0
tiantan_aq#5,7.0,32.0,99.0
tiantan_aq#6,14.0,46.0,116.0
tiantan_aq#7,15.0,41.0,119.0
tiantan_aq#8,17.0,63.0,115.0
tiantan_aq#9,14.0,70.0,112.0
tiantan_aq#10,20.0,57.0,110.0
tiantan_aq#11,17.0,49.0,111.0
tiantan_aq#12,31.0,69.0,99.0
tiantan_aq#13,24.0,67.0,87.0
tiantan_aq#14,31.0,76.0,75.0
tiantan_aq#15,31.0,82.0,55.0
tiantan_aq#16,38.0,86.0,48.0
tiantan_aq#17,45.0,87.0,42.0
tiantan_aq#18,42.0,84.0,22.0
tiantan_aq#19,41.0,76.0,18.0
tiantan_aq#20,37.0,76.0,2.0
tiantan_aq#21,38.0,93.0,2.0
tiantan_aq#22,48.0,149.0,2.0
tiantan_aq#23,42.0,130.0,2.0
tiantan_aq#24,11.0,60.0,17.0
tiantan_aq#25,14.0,29.0,51.0
tiantan_aq#26,17.0,28.0,74.0
tiantan_aq#27,9.0,37.0,84.0
tiantan_aq#28,9.0,49.0,79.0
tiantan_aq#29,7.0,32.0,99.0
tiantan_aq#30,14.0,46.0,116.0
tiantan_aq#31,15.0,41.0,119.0
tiantan_aq#32,17.0,63.0,115.0
tiantan_aq#33,14.0,70.0,112.0
tiantan_aq#34,20.0,57.0,110.0
tiantan_aq#35,17.0,49.0,111.0
tiantan_aq#36,31.0,69.0,99.0
tiantan_aq#37,24.0,67.0,87.0
tiantan_aq#38,31.0,76.0,75.0
tiantan_aq#39,31.0,82.0,55.0
tiantan_aq#40,38.0,86.0,48.0
tiantan_aq#41,45.0,87.0,42.0
tiantan_aq#42,42.0,84.0,22.0
tiantan_aq#43,41.0,76.0,18.0
tiantan_aq#44,37.0,76.0,2.0
tiantan_aq#45,38.0,93.0,2.0
tiantan_aq#46,48.0,149.0,2.0
tiantan_aq#47,42.0,130.0,2.0
guanyuan_aq#0,24.0,66.0,29.0
guanyuan_aq#1,21.0,63.0,54.0
guanyuan_aq#2,5.0,48.0,78.0
guanyuan_aq#3,12.0,35.0,85.0
guanyuan_aq#4,11.0,34.0,83.0
guanyuan_aq#5,14.0,28.0,107.0
guanyuan_aq#6,12.0,38.0,120.0
guanyuan_aq#7,25.0,39.0,121.0
guanyuan_aq#8,19.0,47.0,120.0
guanyuan_aq#9,19.0,60.0,121.0
guanyuan_aq#10,26.0,64.0,116.0
guanyuan_aq#11,24.0,70.0,115.0
guanyuan_aq#12,26.0,76.0,101.0
guanyuan_aq#13,30.0,71.0,88.0
guanyuan_aq#14,31.0,77.0,73.0
guanyuan_aq#15,29.0,80.0,60.0
guanyuan_aq#16,36.0,97.0,47.0
guanyuan_aq#17,44.0,99.0,37.0
guanyuan_aq#18,43.0,99.0,21.0
guanyuan_aq#19,42.0,89.0,7.0
guanyuan_aq#20,43.0,89.0,2.0
guanyuan_aq#21,40.0,91.0,2.0
guanyuan_aq#22,35.0,94.0,2.0
guanyuan_aq#23,41.0,122.0,2.0
guanyuan_aq#24,24.0,66.0,29.0
guanyuan_aq#25,21.0,63.0,54.0
guanyuan_aq#26,5.0,48.0,78.0
guanyuan_aq#27,12.0,35.0,85.0
guanyuan_aq#28,11.0,34.0,83.0
guanyuan_aq#29,14.0,28.0,107.0
guanyuan_aq#30,12.0,38.0,120.0
guanyuan_aq#31,25.0,39.0,121.0
guanyuan_aq#32,19.0,47.0,120.0
guanyuan_aq#33,19.0,60.0,121.0
guanyuan_aq#34,26.0,64.0,116.0
guanyuan_aq#35,24.0,70.0,115.0
guanyuan_aq#36,26.0,76.0,101.0
guanyuan_aq#37,30.0,71.0,88.0
guanyuan_aq#38,31.0,77.0,73.0
guanyuan_aq#39,29.0,80.0,60.0
guanyuan_aq#40,36.0,97.0,47.0
guanyuan_aq#41,44.0,99.0,37.0
guanyuan_aq#42,43.0,99.0,21.0
guanyuan_aq#43,42.0,89.0,7.0
guanyuan_aq#44,43.0,89.0,2.0
guanyuan_aq#45,40.0,91.0,2.0
guanyuan_aq#46,35.0,94.0,2.0
guanyuan_aq#47,41.0,122.0,2.0
wanshouxigong_aq#0,24.0,59.0,26.0
wanshouxigong_aq#1,12.0,96.0,51.0
wanshouxigong_aq#2,16.0,53.0,68.0
wanshouxigong_aq#3,11.0,44.0,76.0
wanshouxigong_aq#4,16.0,42.0,80.0
wanshouxigong_aq#5,13.0,35.0,100.0
wanshouxigong_aq#6,11.0,52.0,112.0
wanshouxigong_aq#7,15.0,54.0,113.0
wanshouxigong_aq#8,11.0,66.0,111.0
wanshouxigong_aq#9,18.0,80.0,111.0
wanshouxigong_aq#10,17.0,80.0,108.0
wanshouxigong_aq#11,44.0,78.0,105.0
wanshouxigong_aq#12,26.0,87.0,90.0
wanshouxigong_aq#13,36.0,82.0,83.0
wanshouxigong_aq#14,36.0,85.0,72.0
wanshouxigong_aq#15,34.0,76.0,49.0
wanshouxigong_aq#16,41.0,94.0,36.0
wanshouxigong_aq#17,45.0,108.0,31.0
wanshouxigong_aq#18,49.0,106.0,26.0
wanshouxigong_aq#19,46.0,99.0,22.0
wanshouxigong_aq#20,44.0,100.0,14.0
wanshouxigong_aq#21,46.0,90.0,4.0
wanshouxigong_aq#22,64.0,346.0,2.0
wanshouxigong_aq#23,44.0,149.0,2.0
wanshouxigong_aq#24,24.0,59.0,26.0
wanshouxigong_aq#25,12.0,96.0,51.0
wanshouxigong_aq#26,16.0,53.0,68.0
wanshouxigong_aq#27,11.0,44.0,76.0
wanshouxigong_aq#28,16.0,42.0,80.0
wanshouxigong_aq#29,13.0,35.0,100.0
wanshouxigong_aq#30,11.0,52.0,112.0
wanshouxigong_aq#31,15.0,54.0,113.0
wanshouxigong_aq#32,11.0,66.0,111.0
wanshouxigong_aq#33,18.0,80.0,111.0
wanshouxigong_aq#34,17.0,80.0,108.0
wanshouxigong_aq#35,44.0,78.0,105.0
wanshouxigong_aq#36,26.0,87.0,90.0
wanshouxigong_aq#37,36.0,82.0,83.0
wanshouxigong_aq#38,36.0,85.0,72.0
wanshouxigong_aq#39,34.0,76.0,49.0
wanshouxigong_aq#40,41.0,94.0,36.0
wanshouxigong_aq#41,45.0,108.0,31.0
wanshouxigong_aq#42,49.0,106.0,26.0
wanshouxigong_aq#43,46.0,99.0,22.0
wanshouxigong_aq#44,44.0,100.0,14.0
wanshouxigong_aq#45,46.0,90.0,4.0
wanshouxigong_aq#46,64.0,346.0,2.0
wanshouxigong_aq#47,44.0,149.0,2.0
aotizhongxin_aq#0,17.0,58.0,41.0
aotizhongxin_aq#1,41.0,70.0,49.0
aotizhongxin_aq#2,18.0,59.0,63.0
aotizhongxin_aq#3,14.0,35.0,77.0
aotizhongxin_aq#4,10.0,27.0,84.0
aotizhongxin_aq#5,12.0,34.0,90.0
aotizhongxin_aq#6,15.0,42.0,112.0
aotizhongxin_aq#7,18.0,41.0,119.0
aotizhongxin_aq#8,16.0,50.0,118.0
aotizhongxin_aq#9,18.0,70.0,116.0
aotizhongxin_aq#10,40.0,88.0,110.0
aotizhongxin_aq#11,50.0,85.0,115.0
aotizhongxin_aq#12,29.0,92.0,105.0
aotizhongxin_aq#13,58.0,80.0,95.0
aotizhongxin_aq#14,70.0,75.0,85.0
aotizhongxin_aq#15,39.0,77.0,71.0
aotizhongxin_aq#16,36.0,100.0,48.0
aotizhongxin_aq#17,59.0,105.0,39.0
aotizhongxin_aq#18,66.0,105.0,29.0
aotizhongxin_aq#19,50.0,103.0,15.0
aotizhongxin_aq#20,50.0,120.0,7.0
aotizhongxin_aq#21,45.0,101.0,2.0
aotizhongxin_aq#22,45.0,130.0,2.0
aotizhongxin_aq#23,47.0,151.0,2.0
aotizhongxin_aq#24,17.0,58.0,41.0
aotizhongxin_aq#25,41.0,70.0,49.0
aotizhongxin_aq#26,18.0,59.0,63.0
aotizhongxin_aq#27,14.0,35.0,77.0
aotizhongxin_aq#28,10.0,27.0,84.0
aotizhongxin_aq#29,12.0,34.0,90.0
aotizhongxin_aq#30,15.0,42.0,112.0
aotizhongxin_aq#31,18.0,41.0,119.0
aotizhongxin_aq#32,16.0,50.0,118.0
aotizhongxin_aq#33,18.0,70.0,116.0
aotizhongxin_aq#34,40.0,88.0,110.0
aotizhongxin_aq#35,50.0,85.0,115.0
aotizhongxin_aq#36,29.0,92.0,105.0
aotizhongxin_aq#37,58.0,80.0,95.0
aotizhongxin_aq#38,70.0,75.0,85.0
aotizhongxin_aq#39,39.0,77.0,71.0
aotizhongxin_aq#40,36.0,100.0,48.0
aotizhongxin_aq#41,59.0,105.0,39.0
aotizhongxin_aq#42,66.0,105.0,29.0
aotizhongxin_aq#43,50.0,103.0,15.0
aotizhongxin_aq#44,50.0,120.0,7.0
aotizhongxin_aq#45,45.0,101.0,2.0
aotizhongxin_aq#46,45.0,130.0,2.0
aotizhongxin_aq#47,47.0,151.0,2.0
nongzhanguan_aq#0,38.0,85.0,34.0
nongzhanguan_aq#1,26.0,57.0,64.0
nongzhanguan_aq#2,27.0,50.0,62.0
nongzhanguan_aq#3,21.0,35.0,82.0
nongzhanguan_aq#4,21.0,32.0,95.0
nongzhanguan_aq#5,18.0,32.0,95.0
nongzhanguan_aq#6,14.0,35.0,113.0
nongzhanguan_aq#7,22.0,51.0,124.0
nongzhanguan_aq#8,21.0,48.0,121.0
nongzhanguan_aq#9,17.0,73.0,121.0
nongzhanguan_aq#10,21.0,86.0,116.0
nongzhanguan_aq#11,26.0,84.0,118.0
nongzhanguan_aq#12,31.0,92.0,108.0
nongzhanguan_aq#13,29.0,76.0,96.0
nongzhanguan_aq#14,30.0,76.0,85.0
nongzhanguan_aq#15,35.0,86.0,71.0
nongzhanguan_aq#16,43.0,98.0,67.0
nongzhanguan_aq#17,43.0,113.0,53.0
nongzhanguan_aq#18,46.0,104.0,41.0
nongzhanguan_aq#19,40.0,109.0,34.0
nongzhanguan_aq#20,41.0,112.0,2.0
nongzhanguan_aq#21,42.0,121.0,2.0
nongzhanguan_aq#22,42.0,118.0,2.0
nongzhanguan_aq#23,47.0,125.0,2.0
nongzhanguan_aq#24,38.0,85.0,34.0
nongzhanguan_aq#25,26.0,57.0,64.0
nongzhanguan_aq#26,27.0,50.0,62.0
nongzhanguan_aq#27,21.0,35.0,82.0
nongzhanguan_aq#28,21.0,32.0,95.0
nongzhanguan_aq#29,18.0,32.0,95.0
nongzhanguan_aq#30,14.0,35.0,113.0
nongzhanguan_aq#31,22.0,51.0,124.0
nongzhanguan_aq#32,21.0,48.0,121.0
nongzhanguan_aq#33,17.0,73.0,121.0
nongzhanguan_aq#34,21.0,86.0,116.0
nongzhanguan_aq#35,26.0,84.0,118.0
nongzhanguan_aq#36,31.0,92.0,108.0
nongzhanguan_aq#37,29.0,76.0,96.0
nongzhanguan_aq#38,30.0,76.0,85.0
nongzhanguan_aq#39,35.0,86.0,71.0
nongzhanguan_aq#40,43.0,98.0,67.0
nongzhanguan_aq#41,43.0,113.0,53.0
nongzhanguan_aq#42,46.0,104.0,41.0
nongzhanguan_aq#43,40.0,109.0,34.0
nongzhanguan_aq#44,41.0,112.0,2.0
nongzhanguan_aq#45,42.0,121.0,2.0
nongzhanguan_aq#46,42.0,118.0,2.0
nongzhanguan_aq#47,47.0,125.0,2.0
wanliu_aq#0,287.0,76.67,9.0
wanliu_aq#1,29.57,76.67,44.0
wanliu_aq#2,27.0,48.0,59.0
wanliu_aq#3,14.0,28.0,80.0
wanliu_aq#4,22.0,28.0,84.0
wanliu_aq#5,22.0,28.0,108.0
wanliu_aq#6,31.0,40.0,117.0
wanliu_aq#7,44.0,47.0,118.0
wanliu_aq#8,30.0,60.0,115.0
wanliu_aq#9,29.0,78.0,115.0
wanliu_aq#10,23.0,92.0,112.0
wanliu_aq#11,25.0,81.0,101.0
wanliu_aq#12,25.0,89.0,85.0
wanliu_aq#13,24.0,95.0,65.0
wanliu_aq#14,22.0,93.0,59.0
wanliu_aq#15,24.0,83.0,59.0
wanliu_aq#16,35.0,106.0,41.0
wanliu_aq#17,41.0,120.0,23.0
wanliu_aq#18,35.0,125.0,6.0
wanliu_aq#19,41.0,140.0,2.0
wanliu_aq#20,33.0,118.0,2.0
wanliu_aq#21,22.0,37.0,2.0
wanliu_aq#22,34.0,94.0,2.0
wanliu_aq#23,38.0,107.0,2.0
wanliu_aq#24,287.0,76.67,9.0
wanliu_aq#25,29.57,76.67,44.0
wanliu_aq#26,27.0,48.0,59.0
wanliu_aq#27,14.0,28.0,80.0
wanliu_aq#28,22.0,28.0,84.0
wanliu_aq#29,22.0,28.0,108.0
wanliu_aq#30,31.0,40.0,117.0
wanliu_aq#31,44.0,47.0,118.0
wanliu_aq#32,30.0,60.0,115.0
wanliu_aq#33,29.0,78.0,115.0
wanliu_aq#34,23.0,92.0,112.0
wanliu_aq#35,25.0,81.0,101.0
wanliu_aq#36,25.0,89.0,85.0
wanliu_aq#37,24.0,95.0,65.0
wanliu_aq#38,22.0,93.0,59.0
wanliu_aq#39,24.0,83.0,59.0
wanliu_aq#40,35.0,106.0,41.0
wanliu_aq#41,41.0,120.0,23.0
wanliu_aq#42,35.0,125.0,6.0
wanliu_aq#43,41.0,140.0,2.0
wanliu_aq#44,33.0,118.0,2.0
wanliu_aq#45,22.0,37.0,2.0
wanliu_aq#46,34.0,94.0,2.0
wanliu_aq#47,38.0,107.0,2.0
beibuxinqu_aq#0,22.0,65.0,26.0
beibuxinqu_aq#1,19.0,48.0,45.0
beibuxinqu_aq#2,16.0,51.0,65.0
beibuxinqu_aq#3,11.0,48.0,75.0
beibuxinqu_aq#4,12.0,43.0,81.0
beibuxinqu_aq#5,12.0,36.0,89.0
beibuxinqu_aq#6,17.0,72.0,112.0
beibuxinqu_aq#7,14.0,82.0,112.0
beibuxinqu_aq#8,21.0,151.0,113.0
beibuxinqu_aq#9,24.0,163.0,111.0
beibuxinqu_aq#10,18.0,146.0,107.0
beibuxinqu_aq#11,21.0,112.0,106.0
beibuxinqu_aq#12,20.0,91.0,95.0
beibuxinqu_aq#13,19.0,102.0,83.0
beibuxinqu_aq#14,18.0,126.0,74.0
beibuxinqu_aq#15,32.0,156.0,38.0
beibuxinqu_aq#16,34.0,151.0,12.0
beibuxinqu_aq#17,30.0,141.0,3.0
beibuxinqu_aq#18,31.0,140.0,2.0
beibuxinqu_aq#19,28.0,116.0,2.0
beibuxinqu_aq#20,31.0,167.0,2.0
beibuxinqu_aq#21,26.0,120.0,2.0
beibuxinqu_aq#22,27.0,126.0,2.0
beibuxinqu_aq#23,28.0,119.0,2.0
beibuxinqu_aq#24,22.0,65.0,26.0
beibuxinqu_aq#25,19.0,48.0,45.0
beibuxinqu_aq#26,16.0,51.0,65.0
beibuxinqu_aq#27,11.0,48.0,75.0
beibuxinqu_aq#28,12.0,43.0,81.0
beibuxinqu_aq#29,12.0,36.0,89.0
beibuxinqu_aq#30,17.0,72.0,112.0
beibuxinqu_aq#31,14.0,82.0,112.0
beibuxinqu_aq#32,21.0,151.0,113.0
beibuxinqu_aq#33,24.0,163.0,111.0
beibuxinqu_aq#34,18.0,146.0,107.0
beibuxinqu_aq#35,21.0,112.0,106.0
beibuxinqu_aq#36,20.0,91.0,95.0
beibuxinqu_aq#37,19.0,102.0,83.0
beibuxinqu_aq#38,18.0,126.0,74.0
beibuxinqu_aq#39,32.0,156.0,38.0
beibuxinqu_aq#40,34.0,151.0,12.0
beibuxinqu_aq#41,30.0,141.0,3.0
beibuxinqu_aq#42,31.0,140.0,2.0
beibuxinqu_aq#43,28.0,116.0,2.0
beibuxinqu_aq#44,31.0,167.0,2.0
beibuxinqu_aq#45,26.0,120.0,2.0
beibuxinqu_aq#46,27.0,126.0,2.0
beibuxinqu_aq#47,28.0,119.0,2.0
zhiwuyuan_aq#0,29.57,76.67,66.53
zhiwuyuan_aq#1,29.57,76.67,66.53
zhiwuyuan_aq#2,29.57,76.67,66.53
zhiwuyuan_aq#3,29.57,76.67,66.53
zhiwuyuan_aq#4,29.57,76.67,66.53
zhiwuyuan_aq#5,29.57,76.67,66.53
zhiwuyuan_aq#6,29.57,76.67,66.53
zhiwuyuan_aq#7,29.57,76.67,66.53
zhiwuyuan_aq#8,29.57,76.67,66.53
zhiwuyuan_aq#9,29.57,76.67,66.53
zhiwuyuan_aq#10,29.57,76.67,66.53
zhiwuyuan_aq#11,29.57,76.67,66.53
zhiwuyuan_aq#12,29.57,76.67,66.53
zhiwuyuan_aq#13,29.57,76.67,66.53
zhiwuyuan_aq#14,29.57,76.67,66.53
zhiwuyuan_aq#15,29.57,76.67,66.53
zhiwuyuan_aq#16,29.57,76.67,66.53
zhiwuyuan_aq#17,29.57,76.67,66.53
zhiwuyuan_aq#18,29.57,76.67,66.53
zhiwuyuan_aq#19,29.57,76.67,66.53
zhiwuyuan_aq#20,29.57,76.67,66.53
zhiwuyuan_aq#21,29.57,76.67,66.53
zhiwuyuan_aq#22,29.57,76.67,66.53
zhiwuyuan_aq#23,29.57,76.67,66.53
zhiwuyuan_aq#24,29.57,76.67,66.53
zhiwuyuan_aq#25,29.57,76.67,66.53
zhiwuyuan_aq#26,29.57,76.67,66.53
zhiwuyuan_aq#27,29.57,76.67,66.53
zhiwuyuan_aq#28,29.57,76.67,66.53
zhiwuyuan_aq#29,29.57,76.67,66.53
zhiwuyuan_aq#30,29.57,76.67,66.53
zhiwuyuan_aq#31,29.57,76.67,66.53
zhiwuyuan_aq#32,29.57,76.67,66.53
zhiwuyuan_aq#33,29.57,76.67,66.53
zhiwuyuan_aq#34,29.57,76.67,66.53
zhiwuyuan_aq#35,29.57,76.67,66.53
zhiwuyuan_aq#36,29.57,76.67,66.53
zhiwuyuan_aq#37,29.57,76.67,66.53
zhiwuyuan_aq#38,29.57,76.67,66.53
zhiwuyuan_aq#39,29.57,76.67,66.53
zhiwuyuan_aq#40,29.57,76.67,66.53
zhiwuyuan_aq#41,29.57,76.67,66.53
zhiwuyuan_aq#42,29.57,76.67,66.53
zhiwuyuan_aq#43,29.57,76.67,66.53
zhiwuyuan_aq#44,29.57,76.67,66.53
zhiwuyuan_aq#45,29.57,76.67,66.53
zhiwuyuan_aq#46,29.57,76.67,66.53
zhiwuyuan_aq#47,29.57,76.67,66.53
fengtaihuayuan_aq#0,33.0,113.0,20.0
fengtaihuayuan_aq#1,22.0,70.0,46.0
fengtaihuayuan_aq#2,16.0,36.0,70.0
fengtaihuayuan_aq#3,21.0,48.0,64.0
fengtaihuayuan_aq#4,36.0,76.67,90.0
fengtaihuayuan_aq#5,3.0,39.0,106.0
fengtaihuayuan_aq#6,22.0,47.0,110.0
fengtaihuayuan_aq#7,18.0,45.0,111.0
fengtaihuayuan_aq#8,21.0,61.0,113.0
fengtaihuayuan_aq#9,22.0,78.0,110.0
fengtaihuayuan_aq#10,23.0,82.0,108.0
fengtaihuayuan_aq#11,23.0,77.0,97.0
fengtaihuayuan_aq#12,33.0,89.0,74.0
fengtaihuayuan_aq#13,38.0,87.0,52.0
fengtaihuayuan_aq#14,35.0,88.0,38.0
fengtaihuayuan_aq#15,41.0,94.0,26.0
fengtaihuayuan_aq#16,43.0,120.0,12.0
fengtaihuayuan_aq#17,49.0,121.0,23.0
fengtaihuayuan_aq#18,50.0,110.0,19.0
fengtaihuayuan_aq#19,53.0,119.0,5.0
fengtaihuayuan_aq#20,53.0,123.0,2.0
fengtaihuayuan_aq#21,55.0,137.0,2.0
fengtaihuayuan_aq#22,54.0,137.0,2.0
fengtaihuayuan_aq#23,59.0,154.0,2.0
fengtaihuayuan_aq#24,33.0,113.0,20.0
fengtaihuayuan_aq#25,22.0,70.0,46.0
fengtaihuayuan_aq#26,16.0,36.0,70.0
fengtaihuayuan_aq#27,21.0,48.0,64.0
fengtaihuayuan_aq#28,36.0,76.67,90.0
fengtaihuayuan_aq#29,3.0,39.0,106.0
fengtaihuayuan_aq#30,22.0,47.0,110.0
fengtaihuayuan_aq#31,18.0,45.0,111.0
fengtaihuayuan_aq#32,21.0,61.0,113.0
fengtaihuayuan_aq#33,22.0,78.0,110.0
fengtaihuayuan_aq#34,23.0,82.0,108.0
fengtaihuayuan_aq#35,23.0,77.0,97.0
fengtaihuayuan_aq#36,33.0,89.0,74.0
fengtaihuayuan_aq#37,38.0,87.0,52.0
fengtaihuayuan_aq#38,35.0,88.0,38.0
fengtaihuayuan_aq#39,41.0,94.0,26.0
fengtaihuayuan_aq#40,43.0,120.0,12.0
fengtaihuayuan_aq#41,49.0,121.0,23.0
fengtaihuayuan_aq#42,50.0,110.0,19.0
fengtaihuayuan_aq#43,53.0,119.0,5.0
fengtaihuayuan_aq#44,53.0,123.0,2.0
fengtaihuayuan_aq#45,55.0,137.0,2.0
fengtaihuayuan_aq#46,54.0,137.0,2.0
fengtaihuayuan_aq#47,59.0,154.0,2.0
yungang_aq#0,20.0,93.0,38.0
yungang_aq#1,20.0,65.0,48.0
yungang_aq#2,23.0,66.0,69.0
yungang_aq#3,16.0,42.0,99.0
yungang_aq#4,15.0,42.0,117.0
yungang_aq#5,15.0,51.0,118.0
yungang_aq#6,12.0,42.0,122.0
yungang_aq#7,15.0,41.0,125.0
yungang_aq#8,20.0,56.0,128.0
yungang_aq#9,15.0,62.0,129.0
yungang_aq#10,18.0,73.0,126.0
yungang_aq#11,22.0,76.0,117.0
yungang_aq#12,20.0,77.0,100.0
yungang_aq#13,26.0,99.0,74.0
yungang_aq#14,30.0,93.0,65.0
yungang_aq#15,31.0,99.0,51.0
yungang_aq#16,40.0,111.0,35.0
yungang_aq#17,48.0,122.0,36.0
yungang_aq#18,75.0,118.0,15.0
yungang_aq#19,47.0,119.0,11.0
yungang_aq#20,46.0,115.0,6.0
yungang_aq#21,31.0,85.0,3.0
yungang_aq#22,20.0,66.0,8.0
yungang_aq#23,25.0,81.0,10.0
yungang_aq#24,20.0,93.0,38.0
yungang_aq#25,20.0,65.0,48.0
yungang_aq#26,23.0,66.0,69.0
yungang_aq#27,16.0,42.0,99.0
yungang_aq#28,15.0,42.0,117.0
yungang_aq#29,15.0,51.0,118.0
yungang_aq#30,12.0,42.0,122.0
yungang_aq#31,15.0,41.0,125.0
yungang_aq#32,20.0,56.0,128.0
yungang_aq#33,15.0,62.0,129.0
yungang_aq#34,18.0,73.0,126.0
yungang_aq#35,22.0,76.0,117.0
yungang_aq#36,20.0,77.0,100.0
yungang_aq#37,26.0,99.0,74.0
yungang_aq#38,30.0,93.0,65.0
yungang_aq#39,31.0,99.0,51.0
yungang_aq#40,40.0,111.0,35.0
yungang_aq#41,48.0,122.0,36.0
yungang_aq#42,75.0,118.0,15.0
yungang_aq#43,47.0,119.0,11.0
yungang_aq#44,46.0,115.0,6.0
yungang_aq#45,31.0,85.0,3.0
yungang_aq#46,20.0,66.0,8.0
yungang_aq#47,25.0,81.0,10.0
gucheng_aq#0,35.0,117.0,14.0
gucheng_aq#1,20.0,74.0,50.0
gucheng_aq#2,14.0,46.0,73.0
gucheng_aq#3,13.0,40.0,81.0
gucheng_aq#4,19.0,34.0,105.0
gucheng_aq#5,16.0,39.0,120.0
gucheng_aq#6,51.0,76.67,119.0
gucheng_aq#7,15.0,39.0,121.0
gucheng_aq#8,55.0,76.67,123.0
gucheng_aq#9,45.0,59.0,124.0
gucheng_aq#10,22.0,65.0,121.0
gucheng_aq#11,41.0,74.0,113.0
gucheng_aq#12,31.0,99.0,101.0
gucheng_aq#13,21.0,67.0,86.0
gucheng_aq#14,26.0,71.0,69.0
gucheng_aq#15,26.0,73.0,46.0
gucheng_aq#16,36.0,93.0,32.0
gucheng_aq#17,43.0,110.0,10.0
gucheng_aq#18,45.0,119.0,2.0
gucheng_aq#19,47.0,173.0,2.0
gucheng_aq#20,37.0,154.0,2.0
gucheng_aq#21,50.0,233.0,2.0
gucheng_aq#22,39.0,153.0,2.0
gucheng_aq#23,36.0,118.0,2.0
gucheng_aq#24,35.0,117.0,14.0
gucheng_aq#25,20.0,74.0,50.0
gucheng_aq#26,14.0,46.0,73.0
gucheng_aq#27,13.0,40.0,81.0
gucheng_aq#28,19.0,34.0,105.0
gucheng_aq#29,16.0,39.0,120.0
gucheng_aq#30,51.0,76.67,119.0
gucheng_aq#31,15.0,39.0,121.0
gucheng_aq#32,55.0,76.67,123.0
gucheng_aq#33,45.0,59.0,124.0
gucheng_aq#34,22.0,65.0,121.0
gucheng_aq#35,41.0,74.0,113.0
gucheng_aq#36,31.0,99.0,101.0
gucheng_aq#37,21.0,67.0,86.0
gucheng_aq#38,26.0,71.0,69.0
gucheng_aq#39,26.0,73.0,46.0
gucheng_aq#40,36.0,93.0,32.0
gucheng_aq#41,43.0,110.0,10.0
gucheng_aq#42,45.0,119.0,2.0
gucheng_aq#43,47.0,173.0,2.0
gucheng_aq#44,37.0,154.0,2.0
gucheng_aq#45,50.0,233.0,2.0
gucheng_aq#46,39.0,153.0,2.0
gucheng_aq#47,36.0,118.0,2.0
fangshan_aq#0,29.0,119.0,18.0
fangshan_aq#1,21.0,93.0,45.0
fangshan_aq#2,13.0,49.0,89.0
fangshan_aq#3,13.0,55.0,109.0
fangshan_aq#4,14.0,63.0,115.0
fangshan_aq#5,13.0,54.0,118.0
fangshan_aq#6,12.0,46.0,120.0
fangshan_aq#7,10.0,60.0,125.0
fangshan_aq#8,15.0,64.0,124.0
fangshan_aq#9,20.0,82.0,124.0
fangshan_aq#10,22.0,83.0,122.0
fangshan_aq#11,24.0,87.0,104.0
fangshan_aq#12,26.0,102.0,83.0
fangshan_aq#13,30.0,115.0,48.0
fangshan_aq#14,32.0,116.0,58.0
fangshan_aq#15,36.0,108.0,59.0
fangshan_aq#16,39.0,121.0,57.0
fangshan_aq#17,40.0,125.0,43.0
fangshan_aq#18,41.0,127.0,34.0
fangshan_aq#19,43.0,134.0,3.0
fangshan_aq#20,41.0,133.0,66.53
fangshan_aq#21,40.0,144.0,2.0
fangshan_aq#22,53.0,173.0,2.0
fangshan_aq#23,54.0,174.0,2.0
fangshan_aq#24,29.0,119.0,18.0
fangshan_aq#25,21.0,93.0,45.0
fangshan_aq#26,13.0,49.0,89.0
fangshan_aq#27,13.0,55.0,109.0
fangshan_aq#28,14.0,63.0,115.0
fangshan_aq#29,13.0,54.0,118.0
fangshan_aq#30,12.0,46.0,120.0
fangshan_aq#31,10.0,60.0,125.0
fangshan_aq#32,15.0,64.0,124.0
fangshan_aq#33,20.0,82.0,124.0
fangshan_aq#34,22.0,83.0,122.0
fangshan_aq#35,24.0,87.0,104.0
fangshan_aq#36,26.0,102.0,83.0
fangshan_aq#37,30.0,115.0,48.0
fangshan_aq#38,32.0,116.0,58.0
fangshan_aq#39,36.0,108.0,59.0
fangshan_aq#40,39.0,121.0,57.0
fangshan_aq#41,40.0,125.0,43.0
fangshan_aq#42,41.0,127.0,34.0
fangshan_aq#43,43.0,134.0,3.0
fangshan_aq#44,41.0,133.0,66.53
fangshan_aq#45,40.0,144.0,2.0
fangshan_aq#46,53.0,173.0,2.0
fangshan_aq#47,54.0,174.0,2.0
daxing_aq#0,61.0,97.0,8.0
daxing_aq#1,22.0,106.0,21.0
daxing_aq#2,17.0,79.0,46.0
daxing_aq#3,11.0,40.0,73.0
daxing_aq#4,12.0,36.0,80.0
daxing_aq#5,15.0,38.0,102.0
daxing_aq#6,21.0,53.0,97.0
daxing_aq#7,67.0,76.67,101.0
daxing_aq#8,35.0,62.0,107.0
daxing_aq#9,22.0,70.0,102.0
daxing_aq#10,24.0,67.0,93.0
daxing_aq#11,29.57,76.67,66.53
daxing_aq#12,29.57,76.67,66.53
daxing_aq#13,29.57,76.67,66.53
daxing_aq#14,29.57,76.67,66.53
daxing_aq#15,29.57,76.67,66.53
daxing_aq#16,29.57,76.67,66.53
daxing_aq#17,29.57,76.67,66.53
daxing_aq#18,29.57,76.67,66.53
daxing_aq#19,29.57,76.67,66.53
daxing_aq#20,29.57,76.67,66.53
daxing_aq#21,29.57,76.67,66.53
daxing_aq#22,29.57,76.67,66.53
daxing_aq#23,29.57,76.67,66.53
daxing_aq#24,61.0,97.0,8.0
daxing_aq#25,22.0,106.0,21.0
daxing_aq#26,17.0,79.0,46.0
daxing_aq#27,11.0,40.0,73.0
daxing_aq#28,12.0,36.0,80.0
daxing_aq#29,15.0,38.0,102.0
daxing_aq#30,21.0,53.0,97.0
daxing_aq#31,67.0,76.67,101.0
daxing_aq#32,35.0,62.0,107.0
daxing_aq#33,22.0,70.0,102.0
daxing_aq#34,24.0,67.0,93.0
daxing_aq#35,29.57,76.67,66.53
daxing_aq#36,29.57,76.67,66.53
daxing_aq#37,29.57,76.67,66.53
daxing_aq#38,29.57,76.67,66.53
daxing_aq#39,29.57,76.67,66.53
daxing_aq#40,29.57,76.67,66.53
daxing_aq#41,29.57,76.67,66.53
daxing_aq#42,29.57,76.67,66.53
daxing_aq#43,29.57,76.67,66.53
daxing_aq#44,29.57,76.67,66.53
daxing_aq#45,29.57,76.67,66.53
daxing_aq#46,29.57,76.67,66.53
daxing_aq#47,29.57,76.67,66.53
yizhuang_aq#0,19.0,90.0,31.0
yizhuang_aq#1,18.0,101.0,33.0
yizhuang_aq#2,11.0,75.0,55.0
yizhuang_aq#3,9.0,60.0,72.0
yizhuang_aq#4,3.0,43.0,83.0
yizhuang_aq#5,8.0,26.0,97.0
yizhuang_aq#6,10.0,40.0,114.0
yizhuang_aq#7,11.0,49.0,116.0
yizhuang_aq#8,9.0,55.0,118.0
yizhuang_aq#9,19.0,65.0,117.0
yizhuang_aq#10,18.0,71.0,109.0
yizhuang_aq#11,18.0,72.0,108.0
yizhuang_aq#12,22.0,81.0,91.0
yizhuang_aq#13,22.0,91.0,63.0
yizhuang_aq#14,26.0,92.0,60.0
yizhuang_aq#15,30.0,101.0,53.0
yizhuang_aq#16,33.0,108.0,58.0
yizhuang_aq#17,32.0,95.0,56.0
yizhuang_aq#18,36.0,94.0,43.0
yizhuang_aq#19,35.0,103.0,33.0
yizhuang_aq#20,33.0,92.0,23.0
yizhuang_aq#21,40.0,99.0,9.0
yizhuang_aq#22,36.0,106.0,3.0
yizhuang_aq#23,38.0,118.0,14.0
yizhuang_aq#24,19.0,90.0,31.0
yizhuang_aq#25,18.0,101.0,33.0
yizhuang_aq#26,11.0,75.0,55.0
yizhuang_aq#27,9.0,60.0,72.0
yizhuang_aq#28,3.0,43.0,83.0
yizhuang_aq#29,8.0,26.0,97.0
yizhuang_aq#30,10.0,40.0,114.0
yizhuang_aq#31,11.0,49.0,116.0
yizhuang_aq#32,9.0,55.0,118.0
yizhuang_aq#33,19.0,65.0,117.0
yizhuang_aq#34,18.0,71.0,109.0
yizhuang_aq#35,18.0,72.0,108.0
yizhuang_aq#36,22.0,81.0,91.0
yizhuang_aq#37,22.0,91.0,63.0
yizhuang_aq#38,26.0,92.0,60.0
yizhuang_aq#39,30.0,101.0,53.0
yizhuang_aq#40,33.0,108.0,58.0
yizhuang_aq#41,32.0,95.0,56.0
yizhuang_aq#42,36.0,94.0,43.0
yizhuang_aq#43,35.0,103.0,33.0
yizhuang_aq#44,33.0,92.0,23.0
yizhuang_aq#45,40.0,99.0,9.0
yizhuang_aq#46,36.0,106.0,3.0
yizhuang_aq#47,38.0,118.0,14.0
tongzhou_aq#0,25.0,96.0,40.0
tongzhou_aq#1,17.0,72.0,76.0
tongzhou_aq#2,29.0,68.0,70.0
tongzhou_aq#3,12.0,52.0,82.0
tongzhou_aq#4,14.0,43.0,90.0
tongzhou_aq#5,15.0,24.0,100.0
tongzhou_aq#6,15.0,31.0,99.0
tongzhou_aq#7,18.0,56.0,116.0
tongzhou_aq#8,34.0,55.0,120.0
tongzhou_aq#9,49.0,71.0,120.0
tongzhou_aq#10,17.0,72.0,116.0
tongzhou_aq#11,19.0,84.0,110.0
tongzhou_aq#12,25.0,76.0,103.0
tongzhou_aq#13,28.0,74.0,89.0
tongzhou_aq#14,169.0,76.67,68.0
tongzhou_aq#15,37.0,121.0,16.0
tongzhou_aq#16,35.0,135.0,17.0
tongzhou_aq#17,38.0,128.0,8.0
tongzhou_aq#18,40.0,121.0,6.0
tongzhou_aq#19,39.0,106.0,23.0
tongzhou_aq#20,97.0,105.0,12.0
tongzhou_aq#21,97.0,140.0,2.0
tongzhou_aq#22,61.0,154.0,2.0
tongzhou_aq#23,65.0,163.0,3.0
tongzhou_aq#24,25.0,96.0,40.0
tongzhou_aq#25,17.0,72.0,76.0
tongzhou_aq#26,29.0,68.0,70.0
tongzhou_aq#27,12.0,52.0,82.0
tongzhou_aq#28,14.0,43.0,90.0
tongzhou_aq#29,15.0,24.0,100.0
tongzhou_aq#30,15.0,31.0,99.0
tongzhou_aq#31,18.0,56.0,116.0
tongzhou_aq#32,34.0,55.0,120.0
tongzhou_aq#33,49.0,71.0,120.0
tongzhou_aq#34,17.0,72.0,116.0
tongzhou_aq#35,19.0,84.0,110.0
tongzhou_aq#36,25.0,76.0,103.0
tongzhou_aq#37,28.0,74.0,89.0
tongzhou_aq#38,169.0,76.67,68.0
tongzhou_aq#39,37.0,121.0,16.0
tongzhou_aq#40,35.0,135.0,17.0
tongzhou_aq#41,38.0,128.0,8.0
tongzhou_aq#42,40.0,121.0,6.0
tongzhou_aq#43,39.0,106.0,23.0
tongzhou_aq#44,97.0,105.0,12.0
tongzhou_aq#45,97.0,140.0,2.0
tongzhou_aq#46,61.0,154.0,2.0
tongzhou_aq#47,65.0,163.0,3.0
shunyi_aq#0,18.0,84.0,61.0
shunyi_aq#1,16.0,65.0,73.0
shunyi_aq#2,13.0,39.0,90.0
shunyi_aq#3,13.0,38.0,91.0
shunyi_aq#4,13.0,36.0,92.0
shunyi_aq#5,14.0,40.0,90.0
shunyi_aq#6,29.57,76.67,66.53
shunyi_aq#7,18.0,35.0,105.0
shunyi_aq#8,19.0,62.0,124.0
shunyi_aq#9,15.0,64.0,119.0
shunyi_aq#10,18.0,74.0,114.0
shunyi_aq#11,18.0,74.0,104.0
shunyi_aq#12,23.0,75.0,94.0
shunyi_aq#13,28.0,85.0,85.0
shunyi_aq#14,26.0,86.0,69.0
shunyi_aq#15,33.0,74.0,44.0
shunyi_aq#16,28.0,84.0,45.0
shunyi_aq#17,34.0,102.0,46.0
shunyi_aq#18,34.0,98.0,26.0
shunyi_aq#19,43.0,97.0,5.0
shunyi_aq#20,48.0,112.0,2.0
shunyi_aq#21,49.0,114.0,2.0
shunyi_aq#22,50.0,113.0,3.0
shunyi_aq#23,48.0,116.0,10.0
shunyi_aq#24,18.0,84.0,61.0
shunyi_aq#25,16.0,65.0,73.0
shunyi_aq#26,13.0,39.0,90.0
shunyi_aq#27,13.0,38.0,91.0
shunyi_aq#28,13.0,36.0,92.0
shunyi_aq#29,14.0,40.0,90.0
shunyi_aq#30,29.57,76.67,66.53
shunyi_aq#31,18.0,35.0,105.0
shunyi_aq#32,19.0,62.0,124.0
shunyi_aq#33,15.0,64.0,119.0
shunyi_aq#34,18.0,74.0,114.0
shunyi_aq#35,18.0,74.0,104.0
shunyi_aq#36,23.0,75.0,94.0
shunyi_aq#37,28.0,85.0,85.0
shunyi_aq#38,26.0,86.0,69.0
shunyi_aq#39,33.0,74.0,44.0
shunyi_aq#40,28.0,84.0,45.0
shunyi_aq#41,34.0,102.0,46.0
shunyi_aq#42,34.0,98.0,26.0
shunyi_aq#43,43.0,97.0,5.0
shunyi_aq#44,48.0,112.0,2.0
shunyi_aq#45,49.0,114.0,2.0
shunyi_aq#46,50.0,113.0,3.0
shunyi_aq#47,48.0,116.0,10.0
pingchang_aq#0,29.0,49.0,61.0
pingchang_aq#1,19.0,34.0,71.0
pingchang_aq#2,15.0,76.67,85.0
pingchang_aq#3,14.0,76.67,92.0
pingchang_aq#4,7.0,19.0,98.0
pingchang_aq#5,15.0,26.0,97.0
pingchang_aq#6,41.0,76.67,99.0
pingchang_aq#7,32.0,39.0,114.0
pingchang_aq#8,8.0,43.0,118.0
pingchang_aq#9,25.0,62.0,116.0
pingchang_aq#10,13.0,65.0,112.0
pingchang_aq#11,14.0,75.0,103.0
pingchang_aq#12,20.0,113.0,96.0
pingchang_aq#13,23.0,71.0,82.0
pingchang_aq#14,21.0,62.0,69.0
pingchang_aq#15,23.0,58.0,78.0
pingchang_aq#16,20.0,54.0,77.0
pingchang_aq#17,28.0,51.0,69.0
pingchang_aq#18,25.0,50.0,61.0
pingchang_aq#19,16.0,45.0,54.0
pingchang_aq#20,15.0,44.0,45.0
pingchang_aq#21,26.0,53.0,33.0
pingchang_aq#22,27.0,48.0,13.0
pingchang_aq#23,33.0,63.0,14.0
pingchang_aq#24,29.0,49.0,61.0
pingchang_aq#25,19.0,34.0,71.0
pingchang_aq#26,15.0,76.67,85.0
pingchang_aq#27,14.0,76.67,92.0
pingchang_aq#28,7.0,19.0,98.0
pingchang_aq#29,15.0,26.0,97.0
pingchang_aq#30,41.0,76.67,99.0
pingchang_aq#31,32.0,39.0,114.0
pingchang_aq#32,8.0,43.0,118.0
pingchang_aq#33,25.0,62.0,116.0
pingchang_aq#34,13.0,65.0,112.0
pingchang_aq#35,14.0,75.0,103.0
pingchang_aq#36,20.0,113.0,96.0
pingchang_aq#37,23.0,71.0,82.0
pingchang_aq#38,21.0,62.0,69.0
pingchang_aq#39,23.0,58.0,78.0
pingchang_aq#40,20.0,54.0,77.0
pingchang_aq#41,28.0,51.0,69.0
pingchang_aq#42,25.0,50.0,61.0
pingchang_aq#43,16.0,45.0,54.0
pingchang_aq#44,15.0,44.0,45.0
pingchang_aq#45,26.0,53.0,33.0
pingchang_aq#46,27.0,48.0,13.0
pingchang_aq#47,33.0,63.0,14.0
mentougou_aq#0,11.0,46.0,38.0
mentougou_aq#1,17.0,66.0,48.0
mentougou_aq#2,13.0,60.0,62.0
mentougou_aq#3,10.0,54.0,72.0
mentougou_aq#4,9.0,42.0,93.0
mentougou_aq#5,12.0,39.0,108.0
mentougou_aq#6,14.0,38.0,108.0
mentougou_aq#7,10.0,56.0,111.0
mentougou_aq#8,17.0,75.0,110.0
mentougou_aq#9,19.0,80.0,113.0
mentougou_aq#10,18.0,77.0,110.0
mentougou_aq#11,24.0,82.0,99.0
mentougou_aq#12,21.0,64.0,82.0
mentougou_aq#13,20.0,63.0,81.0
mentougou_aq#14,21.0,82.0,28.0
mentougou_aq#15,35.0,130.0,3.0
mentougou_aq#16,31.0,102.0,18.0
mentougou_aq#17,19.0,63.0,29.0
mentougou_aq#18,18.0,58.0,36.0
mentougou_aq#19,19.0,76.0,37.0
mentougou_aq#20,14.0,47.0,35.0
mentougou_aq#21,75.0,76.67,39.0
mentougou_aq#22,66.0,76.67,36.0
mentougou_aq#23,48.0,76.67,38.0
mentougou_aq#24,11.0,46.0,38.0
mentougou_aq#25,17.0,66.0,48.0
mentougou_aq#26,13.0,60.0,62.0
mentougou_aq#27,10.0,54.0,72.0
mentougou_aq#28,9.0,42.0,93.0
mentougou_aq#29,12.0,39.0,108.0
mentougou_aq#30,14.0,38.0,108.0
mentougou_aq#31,10.0,56.0,111.0
mentougou_aq#32,17.0,75.0,110.0
mentougou_aq#33,19.0,80.0,113.0
mentougou_aq#34,18.0,77.0,110.0
mentougou_aq#35,24.0,82.0,99.0
mentougou_aq#36,21.0,64.0,82.0
mentougou_aq#37,20.0,63.0,81.0
mentougou_aq#38,21.0,82.0,28.0
mentougou_aq#39,35.0,130.0,3.0
mentougou_aq#40,31.0,102.0,18.0
mentougou_aq#41,19.0,63.0,29.0
mentougou_aq#42,18.0,58.0,36.0
mentougou_aq#43,19.0,76.0,37.0
mentougou_aq#44,14.0,47.0,35.0
mentougou_aq#45,75.0,76.67,39.0
mentougou_aq#46,66.0,76.67,36.0
mentougou_aq#47,48.0,76.67,38.0
pinggu_aq#0,15.0,44.0,69.0
pinggu_aq#1,11.0,37.0,86.0
pinggu_aq#2,9.0,34.0,92.0
pinggu_aq#3,11.0,15.0,97.0
pinggu_aq#4,11.0,36.0,99.0
pinggu_aq#5,10.0,28.0,103.0
pinggu_aq#6,7.0,20.0,106.0
pinggu_aq#7,7.0,31.0,108.0
pinggu_aq#8,18.0,26.0,103.0
pinggu_aq#9,16.0,41.0,107.0
pinggu_aq#10,27.0,54.0,113.0
pinggu_aq#11,22.0,92.0,106.0
pinggu_aq#12,22.0,50.0,95.0
pinggu_aq#13,28.0,74.0,83.0
pinggu_aq#14,27.0,72.0,78.0
pinggu_aq#15,64.0,90.0,32.0
pinggu_aq#16,105.0,76.67,44.0
pinggu_aq#17,55.0,74.0,54.0
pinggu_aq#18,45.0,51.0,53.0
pinggu_aq#19,30.0,55.0,41.0
pinggu_aq#20,27.0,66.0,66.53
pinggu_aq#21,25.0,55.0,45.0
pinggu_aq#22,30.0,77.0,43.0
pinggu_aq#23,33.0,83.0,39.0
pinggu_aq#24,15.0,44.0,69.0
pinggu_aq#25,11.0,37.0,86.0
pinggu_aq#26,9.0,34.0,92.0
pinggu_aq#27,11.0,15.0,97.0
pinggu_aq#28,11.0,36.0,99.0
pinggu_aq#29,10.0,28.0,103.0
pinggu_aq#30,7.0,20.0,106.0
pinggu_aq#31,7.0,31.0,108.0
pinggu_aq#32,18.0,26.0,103.0
pinggu_aq#33,16.0,41.0,107.0
pinggu_aq#34,27.0,54.0,113.0
pinggu_aq#35,22.0,92.0,106.0
pinggu_aq#36,22.0,50.0,95.0
pinggu_aq#37,28.0,74.0,83.0
pinggu_aq#38,27.0,72.0,78.0
pinggu_aq#39,64.0,90.0,32.0
pinggu_aq#40,105.0,76.67,44.0
pinggu_aq#41,55.0,74.0,54.0
pinggu_aq#42,45.0,51.0,53.0
pinggu_aq#43,30.0,55.0,41.0
pinggu_aq#44,27.0,66.0,66.53
pinggu_aq#45,25.0,55.0,45.0
pinggu_aq#46,30.0,77.0,43.0
pinggu_aq#47,33.0,83.0,39.0
huairou_aq#0,23.0,66.0,47.0
huairou_aq#1,16.0,46.0,75.0
huairou_aq#2,13.0,49.0,80.0
huairou_aq#3,13.0,52.0,84.0
huairou_aq#4,12.0,41.0,88.0
huairou_aq#5,10.0,50.0,95.0
huairou_aq#6,10.0,45.0,95.0
huairou_aq#7,13.0,40.0,97.0
huairou_aq#8,16.0,46.0,117.0
huairou_aq#9,18.0,53.0,122.0
huairou_aq#10,14.0,61.0,116.0
huairou_aq#11,20.0,78.0,108.0
huairou_aq#12,18.0,81.0,100.0
huairou_aq#13,22.0,81.0,93.0
huairou_aq#14,24.0,78.0,62.0
huairou_aq#15,25.0,112.0,17.0
huairou_aq#16,38.0,84.0,25.0
huairou_aq#17,28.0,59.0,40.0
huairou_aq#18,27.0,66.0,36.0
huairou_aq#19,26.0,57.0,36.0
huairou_aq#20,24.0,55.0,66.53
huairou_aq#21,23.0,50.0,33.0
huairou_aq#22,24.0,56.0,33.0
huairou_aq#23,25.0,70.0,28.0
huairou_aq#24,23.0,66.0,47.0
huairou_aq#25,16.0,46.0,75.0
huairou_aq#26,13.0,49.0,80.0
huairou_aq#27,13.0,52.0,84.0
huairou_aq#28,12.0,41.0,88.0
huairou_aq#29,10.0,50.0,95.0
huairou_aq#30,10.0,45.0,95.0
huairou_aq#31,13.0,40.0,97.0
huairou_aq#32,16.0,46.0,117.0
huairou_aq#33,18.0,53.0,122.0
huairou_aq#34,14.0,61.0,116.0
huairou_aq#35,20.0,78.0,108.0
huairou_aq#36,18.0,81.0,100.0
huairou_aq#37,22.0,81.0,93.0
huairou_aq#38,24.0,78.0,62.0
huairou_aq#39,25.0,112.0,17.0
huairou_aq#40,38.0,84.0,25.0
huairou_aq#41,28.0,59.0,40.0
huairou_aq#42,27.0,66.0,36.0
huairou_aq#43,26.0,57.0,36.0
huairou_aq#44,24.0,55.0,66.53
huairou_aq#45,23.0,50.0,33.0
huairou_aq#46,24.0,56.0,33.0
huairou_aq#47,25.0,70.0,28.0
miyun_aq#0,22.0,86.0,43.0
miyun_aq#1,9.0,39.0,85.0
miyun_aq#2,6.0,27.0,96.0
miyun_aq#3,4.0,27.0,101.0
miyun_aq#4,7.0,33.0,101.0
miyun_aq#5,13.0,32.0,107.0
miyun_aq#6,8.0,32.0,112.0
miyun_aq#7,9.0,34.0,110.0
miyun_aq#8,12.0,38.0,105.0
miyun_aq#9,21.0,45.0,110.0
miyun_aq#10,19.0,66.0,116.0
miyun_aq#11,19.0,75.0,101.0
miyun_aq#12,19.0,89.0,91.0
miyun_aq#13,19.0,71.0,91.0
miyun_aq#14,24.0,74.0,80.0
miyun_aq#15,22.0,64.0,81.0
miyun_aq#16,25.0,73.0,43.0
miyun_aq#17,37.0,78.0,31.0
miyun_aq#18,38.0,91.0,2.0
miyun_aq#19,33.0,79.0,2.0
miyun_aq#20,30.0,72.0,2.0
miyun_aq#21,26.0,68.0,2.0
miyun_aq#22,25.0,60.0,8.0
miyun_aq#23,37.0,83.0,5.0
miyun_aq#24,22.0,86.0,43.0
miyun_aq#25,9.0,39.0,85.0
miyun_aq#26,6.0,27.0,96.0
miyun_aq#27,4.0,27.0,101.0
miyun_aq#28,7.0,33.0,101.0
miyun_aq#29,13.0,32.0,107.0
miyun_aq#30,8.0,32.0,112.0
miyun_aq#31,9.0,34.0,110.0
miyun_aq#32,12.0,38.0,105.0
miyun_aq#33,21.0,45.0,110.0
miyun_aq#34,19.0,66.0,116.0
miyun_aq#35,19.0,75.0,101.0
miyun_aq#36,19.0,89.0,91.0
miyun_aq#37,19.0,71.0,91.0
miyun_aq#38,24.0,74.0,80.0
miyun_aq#39,22.0,64.0,81.0
miyun_aq#40,25.0,73.0,43.0
miyun_aq#41,37.0,78.0,31.0
miyun_aq#42,38.0,91.0,2.0
miyun_aq#43,33.0,79.0,2.0
miyun_aq#44,30.0,72.0,2.0
miyun_aq#45,26.0,68.0,2.0
miyun_aq#46,25.0,60.0,8.0
miyun_aq#47,37.0,83.0,5.0
yanqin_aq#0,47.0,142.0,14.0
yanqin_aq#1,21.0,80.0,47.0
yanqin_aq#2,29.57,76.67,66.53
yanqin_aq#3,29.57,76.67,66.53
yanqin_aq#4,29.57,6.0,98.0
yanqin_aq#5,10.0,37.0,103.0
yanqin_aq#6,12.0,54.0,107.0
yanqin_aq#7,15.0,52.0,110.0
yanqin_aq#8,12.0,48.0,109.0
yanqin_aq#9,11.0,46.0,108.0
yanqin_aq#10,12.0,58.0,102.0
yanqin_aq#11,12.0,75.0,98.0
yanqin_aq#12,16.0,88.0,86.0
yanqin_aq#13,21.0,85.0,71.0
yanqin_aq#14,22.0,79.0,67.0
yanqin_aq#15,24.0,75.0,69.0
yanqin_aq#16,31.0,80.0,40.0
yanqin_aq#17,25.0,84.0,33.0
yanqin_aq#18,26.0,80.0,14.0
yanqin_aq#19,19.0,59.0,41.0
yanqin_aq#20,28.0,60.0,20.0
yanqin_aq#21,21.0,59.0,14.0
yanqin_aq#22,23.0,70.0,13.0
yanqin_aq#23,49.0,104.0,10.0
yanqin_aq#24,47.0,142.0,14.0
yanqin_aq#25,21.0,80.0,47.0
yanqin_aq#26,29.57,76.67,66.53
yanqin_aq#27,29.57,76.67,66.53
yanqin_aq#28,29.57,6.0,98.0
yanqin_aq#29,10.0,37.0,103.0
yanqin_aq#30,12.0,54.0,107.0
yanqin_aq#31,15.0,52.0,110.0
yanqin_aq#32,12.0,48.0,109.0
yanqin_aq#33,11.0,46.0,108.0
yanqin_aq#34,12.0,58.0,102.0
yanqin_aq#35,12.0,75.0,98.0
yanqin_aq#36,16.0,88.0,86.0
yanqin_aq#37,21.0,85.0,71.0
yanqin_aq#38,22.0,79.0,67.0
yanqin_aq#39,24.0,75.0,69.0
yanqin_aq#40,31.0,80.0,40.0
yanqin_aq#41,25.0,84.0,33.0
yanqin_aq#42,26.0,80.0,14.0
yanqin_aq#43,19.0,59.0,41.0
yanqin_aq#44,28.0,60.0,20.0
yanqin_aq#45,21.0,59.0,14.0
yanqin_aq#46,23.0,70.0,13.0
yanqin_aq#47,49.0,104.0,10.0
dingling_aq#0,20.0,56.0,49.0
dingling_aq#1,13.0,35.0,69.0
dingling_aq#2,16.0,26.0,80.0
dingling_aq#3,10.0,15.0,94.0
dingling_aq#4,13.0,17.0,100.0
dingling_aq#5,6.0,21.0,101.0
dingling_aq#6,3.0,22.0,103.0
dingling_aq#7,9.0,35.0,104.0
dingling_aq#8,20.0,41.0,115.0
dingling_aq#9,12.0,54.0,115.0
dingling_aq#10,9.0,75.0,115.0
dingling_aq#11,18.0,87.0,107.0
dingling_aq#12,17.0,79.0,92.0
dingling_aq#13,11.0,73.0,79.0
dingling_aq#14,15.0,53.0,80.0
dingling_aq#15,17.0,57.0,73.0
dingling_aq#16,15.0,50.0,74.0
dingling_aq#17,18.0,50.0,70.0
dingling_aq#18,16.0,48.0,64.0
dingling_aq#19,16.0,50.0,58.0
dingling_aq#20,15.0,46.0,53.0
dingling_aq#21,16.0,49.0,46.0
dingling_aq#22,25.0,53.0,36.0
dingling_aq#23,24.0,59.0,32.0
dingling_aq#24,20.0,56.0,49.0
dingling_aq#25,13.0,35.0,69.0
dingling_aq#26,16.0,26.0,80.0
dingling_aq#27,10.0,15.0,94.0
dingling_aq#28,13.0,17.0,100.0
dingling_aq#29,6.0,21.0,101.0
dingling_aq#30,3.0,22.0,103.0
dingling_aq#31,9.0,35.0,104.0
dingling_aq#32,20.0,41.0,115.0
dingling_aq#33,12.0,54.0,115.0
dingling_aq#34,9.0,75.0,115.0
dingling_aq#35,18.0,87.0,107.0
dingling_aq#36,17.0,79.0,92.0
dingling_aq#37,11.0,73.0,79.0
dingling_aq#38,15.0,53.0,80.0
dingling_aq#39,17.0,57.0,73.0
dingling_aq#40,15.0,50.0,74.0
dingling_aq#41,18.0,50.0,70.0
dingling_aq#42,16.0,48.0,64.0
dingling_aq#43,16.0,50.0,58.0
dingling_aq#44,15.0,46.0,53.0
dingling_aq#45,16.0,49.0,46.0
dingling_aq#46,25.0,53.0,36.0
dingling_aq#47,24.0,59.0,32.0
badaling_aq#0,15.0,62.0,57.0
badaling_aq#1,15.0,66.0,71.0
badaling_aq#2,10.0,70.0,81.0
badaling_aq#3,12.0,64.0,90.0
badaling_aq#4,13.0,42.0,95.0
badaling_aq#5,13.0,32.0,103.0
badaling_aq#6,12.0,34.0,105.0
badaling_aq#7,11.0,38.0,108.0
badaling_aq#8,13.0,41.0,110.0
badaling_aq#9,13.0,40.0,109.0
badaling_aq#10,15.0,44.0,100.0
badaling_aq#11,12.0,52.0,81.0
badaling_aq#12,21.0,94.0,53.0
badaling_aq#13,22.0,117.0,44.0
badaling_aq#14,34.0,100.0,62.0
badaling_aq#15,53.0,72.0,43.0
badaling_aq#16,41.0,95.0,9.0
badaling_aq#17,47.0,106.0,11.0
badaling_aq#18,33.0,93.0,8.0
badaling_aq#19,33.0,79.0,12.0
badaling_aq#20,46.0,71.0,15.0
badaling_aq#21,45.0,77.0,9.0
badaling_aq#22,77.0,76.67,10.0
badaling_aq#23,44.0,54.0,22.0
badaling_aq#24,15.0,62.0,57.0
badaling_aq#25,15.0,66.0,71.0
badaling_aq#26,10.0,70.0,81.0
badaling_aq#27,12.0,64.0,90.0
badaling_aq#28,13.0,42.0,95.0
badaling_aq#29,13.0,32.0,103.0
badaling_aq#30,12.0,34.0,105.0
badaling_aq#31,11.0,38.0,108.0
badaling_aq#32,13.0,41.0,110.0
badaling_aq#33,13.0,40.0,109.0
badaling_aq#34,15.0,44.0,100.0
badaling_aq#35,12.0,52.0,81.0
badaling_aq#36,21.0,94.0,53.0
badaling_aq#37,22.0,117.0,44.0
badaling_aq#38,34.0,100.0,62.0
badaling_aq#39,53.0,72.0,43.0
badaling_aq#40,41.0,95.0,9.0
badaling_aq#41,47.0,106.0,11.0
badaling_aq#42,33.0,93.0,8.0
badaling_aq#43,33.0,79.0,12.0
badaling_aq#44,46.0,71.0,15.0
badaling_aq#45,45.0,77.0,9.0
badaling_aq#46,77.0,76.67,10.0
badaling_aq#47,44.0,54.0,22.0
miyunshuiku_aq#0,7.0,47.0,74.0
miyunshuiku_aq#1,8.0,41.0,77.0
miyunshuiku_aq#2,3.0,38.0,85.0
miyunshuiku_aq#3,6.0,8.0,93.0
miyunshuiku_aq#4,16.0,34.0,96.0
miyunshuiku_aq#5,12.0,32.0,98.0
miyunshuiku_aq#6,17.0,17.0,100.0
miyunshuiku_aq#7,3.0,12.0,105.0
miyunshuiku_aq#8,12.0,21.0,103.0
miyunshuiku_aq#9,13.0,37.0,102.0
miyunshuiku_aq#10,15.0,48.0,117.0
miyunshuiku_aq#11,15.0,63.0,110.0
miyunshuiku_aq#12,17.0,81.0,98.0
miyunshuiku_aq#13,15.0,81.0,88.0
miyunshuiku_aq#14,19.0,68.0,89.0
miyunshuiku_aq#15,20.0,55.0,87.0
miyunshuiku_aq#16,20.0,70.0,77.0
miyunshuiku_aq#17,21.0,66.0,59.0
miyunshuiku_aq#18,20.0,48.0,52.0
miyunshuiku_aq#19,15.0,57.0,52.0
miyunshuiku_aq#20,15.0,46.0,47.0
miyunshuiku_aq#21,19.0,46.0,42.0
miyunshuiku_aq#22,18.0,53.0,35.0
miyunshuiku_aq#23,21.0,45.0,34.0
miyunshuiku_aq#24,7.0,47.0,74.0
miyunshuiku_aq#25,8.0,41.0,77.0
miyunshuiku_aq#26,3.0,38.0,85.0
miyunshuiku_aq#27,6.0,8.0,93.0
miyunshuiku_aq#28,16.0,34.0,96.0
miyunshuiku_aq#29,12.0,32.0,98.0
miyunshuiku_aq#30,17.0,17.0,100.0
miyunshuiku_aq#31,3.0,12.0,105.0
miyunshuiku_aq#32,12.0,21.0,103.0
miyunshuiku_aq#33,13.0,37.0,102.0
miyunshuiku_aq#34,15.0,48.0,117.0
miyunshuiku_aq#35,15.0,63.0,110.0
miyunshuiku_aq#36,17.0,81.0,98.0
miyunshuiku_aq#37,15.0,81.0,88.0
miyunshuiku_aq#38,19.0,68.0,89.0
miyunshuiku_aq#39,20.0,55.0,87.0
miyunshuiku_aq#40,20.0,70.0,77.0
miyunshuiku_aq#41,21.0,66.0,59.0
miyunshuiku_aq#42,20.0,48.0,52.0
miyunshuiku_aq#43,15.0,57.0,52.0
miyunshuiku_aq#44,15.0,46.0,47.0
miyunshuiku_aq#45,19.0,46.0,42.0
miyunshuiku_aq#46,18.0,53.0,35.0
miyunshuiku_aq#47,21.0,45.0,34.0
donggaocun_aq#0,7.0,38.0,71.0
donggaocun_aq#1,7.0,47.0,76.0
donggaocun_aq#2,18.0,44.0,92.0
donggaocun_aq#3,11.0,50.0,95.0
donggaocun_aq#4,15.0,27.0,99.0
donggaocun_aq#5,9.0,31.0,103.0
donggaocun_aq#6,8.0,27.0,107.0
donggaocun_aq#7,10.0,24.0,109.0
donggaocun_aq#8,5.0,35.0,104.0
donggaocun_aq#9,13.0,40.0,107.0
donggaocun_aq#10,13.0,52.0,112.0
donggaocun_aq#11,13.0,69.0,109.0
donggaocun_aq#12,13.0,68.0,105.0
donggaocun_aq#13,23.0,61.0,102.0
donggaocun_aq#14,27.0,62.0,98.0
donggaocun_aq#15,19.0,51.0,102.0
donggaocun_aq#16,26.0,66.0,89.0
donggaocun_aq#17,26.0,61.0,84.0
donggaocun_aq#18,30.0,71.0,68.0
donggaocun_aq#19,35.0,67.0,64.0
donggaocun_aq#20,28.0,66.0,66.53
donggaocun_aq#21,28.0,78.0,52.0
donggaocun_aq#22,42.0,90.0,46.0
donggaocun_aq#23,52.0,107.0,51.0
donggaocun_aq#24,7.0,38.0,71.0
donggaocun_aq#25,7.0,47.0,76.0
donggaocun_aq#26,18.0,44.0,92.0
donggaocun_aq#27,11.0,50.0,95.0
donggaocun_aq#28,15.0,27.0,99.0
donggaocun_aq#29,9.0,31.0,103.0
donggaocun_aq#30,8.0,27.0,107.0
donggaocun_aq#31,10.0,24.0,109.0
donggaocun_aq#32,5.0,35.0,104.0
donggaocun_aq#33,13.0,40.0,107.0
donggaocun_aq#34,13.0,52.0,112.0
donggaocun_aq#35,13.0,69.0,109.0
donggaocun_aq#36,13.0,68.0,105.0
donggaocun_aq#37,23.0,61.0,102.0
donggaocun_aq#38,27.0,62.0,98.0
donggaocun_aq#39,19.0,51.0,102.0
donggaocun_aq#40,26.0,66.0,89.0
donggaocun_aq#41,26.0,61.0,84.0
donggaocun_aq#42,30.0,71.0,68.0
donggaocun_aq#43,35.0,67.0,64.0
donggaocun_aq#44,28.0,66.0,66.53
donggaocun_aq#45,28.0,78.0,52.0
donggaocun_aq#46,42.0,90.0,46.0
donggaocun_aq#47,52.0,107.0,51.0
yongledian_aq#0,37.0,150.0,30.0
yongledian_aq#1,30.0,116.0,77.0
yongledian_aq#2,22.0,75.0,104.0
yongledian_aq#3,22.0,51.0,112.0
yongledian_aq#4,15.0,38.0,122.0
yongledian_aq#5,15.0,25.0,129.0
yongledian_aq#6,16.0,30.0,128.0
yongledian_aq#7,19.0,38.0,136.0
yongledian_aq#8,26.0,49.0,143.0
yongledian_aq#9,30.0,63.0,149.0
yongledian_aq#10,25.0,59.0,144.0
yongledian_aq#11,25.0,62.0,114.0
yongledian_aq#12,30.0,68.0,106.0
yongledian_aq#13,32.0,83.0,106.0
yongledian_aq#14,34.0,88.0,97.0
yongledian_aq#15,39.0,90.0,92.0
yongledian_aq#16,35.0,88.0,76.0
yongledian_aq#17,38.0,100.0,63.0
yongledian_aq#18,37.0,135.0,28.0
yongledian_aq#19,55.0,140.0,2.0
yongledian_aq#20,58.0,139.0,2.0
yongledian_aq#21,65.0,146.0,2.0
yongledian_aq#22,85.0,197.0,2.0
yongledian_aq#23,91.0,209.0,5.0
yongledian_aq#24,37.0,150.0,30.0
yongledian_aq#25,30.0,116.0,77.0
yongledian_aq#26,22.0,75.0,104.0
yongledian_aq#27,22.0,51.0,112.0
yongledian_aq#28,15.0,38.0,122.0
yongledian_aq#29,15.0,25.0,129.0
yongledian_aq#30,16.0,30.0,128.0
yongledian_aq#31,19.0,38.0,136.0
yongledian_aq#32,26.0,49.0,143.0
yongledian_aq#33,30.0,63.0,149.0
yongledian_aq#34,25.0,59.0,144.0
yongledian_aq#35,25.0,62.0,114.0
yongledian_aq#36,30.0,68.0,106.0
yongledian_aq#37,32.0,83.0,106.0
yongledian_aq#38,34.0,88.0,97.0
yongledian_aq#39,39.0,90.0,92.0
yongledian_aq#40,35.0,88.0,76.0
yongledian_aq#41,38.0,100.0,63.0
yongledian_aq#42,37.0,135.0,28.0
yongledian_aq#43,55.0,140.0,2.0
yongledian_aq#44,58.0,139.0,2.0
yongledian_aq#45,65.0,146.0,2.0
yongledian_aq#46,85.0,197.0,2.0
yongledian_aq#47,91.0,209.0,5.0
yufa_aq#0,39.0,144.0,22.0
yufa_aq#1,21.0,47.0,61.0
yufa_aq#2,13.0,67.0,75.0
yufa_aq#3,26.0,71.0,89.0
yufa_aq#4,17.0,37.0,90.0
yufa_aq#5,11.0,15.0,105.0
yufa_aq#6,12.0,46.0,106.0
yufa_aq#7,8.0,69.0,109.0
yufa_aq#8,14.0,68.0,108.0
yufa_aq#9,21.0,82.0,110.0
yufa_aq#10,21.0,81.0,111.0
yufa_aq#11,51.0,95.0,98.0
yufa_aq#12,29.0,92.0,86.0
yufa_aq#13,32.0,97.0,79.0
yufa_aq#14,38.0,96.0,73.0
yufa_aq#15,34.0,96.0,67.0
yufa_aq#16,36.0,90.0,62.0
yufa_aq#17,34.0,99.0,53.0
yufa_aq#18,48.0,107.0,42.0
yufa_aq#19,47.0,105.0,42.0
yufa_aq#20,50.0,109.0,46.0
yufa_aq#21,50.0,129.0,52.0
yufa_aq#22,47.0,139.0,44.0
yufa_aq#23,54.0,154.0,46.0
yufa_aq#24,39.0,144.0,22.0
yufa_aq#25,21.0,47.0,61.0
yufa_aq#26,13.0,67.0,75.0
yufa_aq#27,26.0,71.0,89.0
yufa_aq#28,17.0,37.0,90.0
yufa_aq#29,11.0,15.0,105.0
yufa_aq#30,12.0,46.0,106.0
yufa_aq#31,8.0,69.0,109.0
yufa_aq#32,14.0,68.0,108.0
yufa_aq#33,21.0,82.0,110.0
yufa_aq#34,21.0,81.0,111.0
yufa_aq#35,51.0,95.0,98.0
yufa_aq#36,29.0,92.0,86.0
yufa_aq#37,32.0,97.0,79.0
yufa_aq#38,38.0,96.0,73.0
yufa_aq#39,34.0,96.0,67.0
yufa_aq#40,36.0,90.0,62.0
yufa_aq#41,34.0,99.0,53.0
yufa_aq#42,48.0,107.0,42.0
yufa_aq#43,47.0,105.0,42.0
yufa_aq#44,50.0,109.0,46.0
yufa_aq#45,50.0,129.0,52.0
yufa_aq#46,47.0,139.0,44.0
yufa_aq#47,54.0,154.0,46.0
liulihe_aq#0,29.0,131.0,23.0
liulihe_aq#1,9.0,20.0,76.0
liulihe_aq#2,4.0,32.0,85.0
liulihe_aq#3,4.0,28.0,97.0
liulihe_aq#4,6.0,38.0,98.0
liulihe_aq#5,5.0,43.0,101.0
liulihe_aq#6,9.0,66.0,102.0
liulihe_aq#7,10.0,68.0,106.0
liulihe_aq#8,19.0,67.0,108.0
liulihe_aq#9,20.0,54.0,107.0
liulihe_aq#10,13.0,62.0,94.0
liulihe_aq#11,22.0,70.0,94.0
liulihe_aq#12,16.0,77.0,83.0
liulihe_aq#13,38.0,101.0,49.0
liulihe_aq#14,36.0,134.0,27.0
liulihe_aq#15,40.0,158.0,22.0
liulihe_aq#16,50.0,153.0,20.0
liulihe_aq#17,56.0,177.0,3.0
liulihe_aq#18,25.0,106.0,20.0
liulihe_aq#19,39.0,115.0,13.0
liulihe_aq#20,44.0,167.0,5.0
liulihe_aq#21,28.0,92.0,15.0
liulihe_aq#22,28.0,153.0,6.0
liulihe_aq#23,85.0,173.0,14.0
liulihe_aq#24,29.0,131.0,23.0
liulihe_aq#25,9.0,20.0,76.0
liulihe_aq#26,4.0,32.0,85.0
liulihe_aq#27,4.0,28.0,97.0
liulihe_aq#28,6.0,38.0,98.0
liulihe_aq#29,5.0,43.0,101.0
liulihe_aq#30,9.0,66.0,102.0
liulihe_aq#31,10.0,68.0,106.0
liulihe_aq#32,19.0,67.0,108.0
liulihe_aq#33,20.0,54.0,107.0
liulihe_aq#34,13.0,62.0,94.0
liulihe_aq#35,22.0,70.0,94.0
liulihe_aq#36,16.0,77.0,83.0
liulihe_aq#37,38.0,101.0,49.0
liulihe_aq#38,36.0,134.0,27.0
liulihe_aq#39,40.0,158.0,22.0
liulihe_aq#40,50.0,153.0,20.0
liulihe_aq#41,56.0,177.0,3.0
liulihe_aq#42,25.0,106.0,20.0
liulihe_aq#43,39.0,115.0,13.0
liulihe_aq#44,44.0,167.0,5.0
liulihe_aq#45,28.0,92.0,15.0
liulihe_aq#46,28.0,153.0,6.0
liulihe_aq#47,85.0,173.0,14.0
qianmen_aq#0,25.0,51.0,42.0
qianmen_aq#1,22.0,63.0,49.0
qianmen_aq#2,21.0,27.0,76.0
qianmen_aq#3,13.0,35.0,76.0
qianmen_aq#4,19.0,37.0,76.0
qianmen_aq#5,14.0,38.0,90.0
qianmen_aq#6,24.0,54.0,105.0
qianmen_aq#7,16.0,45.0,106.0
qianmen_aq#8,20.0,69.0,109.0
qianmen_aq#9,31.0,89.0,108.0
qianmen_aq#10,18.0,79.0,102.0
qianmen_aq#11,27.0,90.0,102.0
qianmen_aq#12,33.0,87.0,89.0
qianmen_aq#13,42.0,74.0,85.0
qianmen_aq#14,35.0,88.0,76.0
qianmen_aq#15,35.0,97.0,53.0
qianmen_aq#16,47.0,110.0,44.0
qianmen_aq#17,57.0,108.0,34.0
qianmen_aq#18,54.0,102.0,26.0
qianmen_aq#19,54.0,99.0,23.0
qianmen_aq#20,55.0,111.0,66.53
qianmen_aq#21,62.0,112.0,2.0
qianmen_aq#22,58.0,126.0,2.0
qianmen_aq#23,68.0,146.0,3.0
qianmen_aq#24,25.0,51.0,42.0
qianmen_aq#25,22.0,63.0,49.0
qianmen_aq#26,21.0,27.0,76.0
qianmen_aq#27,13.0,35.0,76.0
qianmen_aq#28,19.0,37.0,76.0
qianmen_aq#29,14.0,38.0,90.0
qianmen_aq#30,24.0,54.0,105.0
qianmen_aq#31,16.0,45.0,106.0
qianmen_aq#32,20.0,69.0,109.0
qianmen_aq#33,31.0,89.0,108.0
qianmen_aq#34,18.0,79.0,102.0
qianmen_aq#35,27.0,90.0,102.0
qianmen_aq#36,33.0,87.0,89.0
qianmen_aq#37,42.0,74.0,85.0
qianmen_aq#38,35.0,88.0,76.0
qianmen_aq#39,35.0,97.0,53.0
qianmen_aq#40,47.0,110.0,44.0
qianmen_aq#41,57.0,108.0,34.0
qianmen_aq#42,54.0,102.0,26.0
qianmen_aq#43,54.0,99.0,23.0
qianmen_aq#44,55.0,111.0,66.53
qianmen_aq#45,62.0,112.0,2.0
qianmen_aq#46,58.0,126.0,2.0
qianmen_aq#47,68.0,146.0,3.0
yongdingmennei_aq#0,64.0,100.0,15.0
yongdingmennei_aq#1,38.0,63.0,54.0
yongdingmennei_aq#2,29.0,37.0,73.0
yongdingmennei_aq#3,22.0,38.0,85.0
yongdingmennei_aq#4,25.0,38.0,84.0
yongdingmennei_aq#5,10.0,27.0,104.0
yongdingmennei_aq#6,19.0,42.0,122.0
yongdingmennei_aq#7,10.0,43.0,121.0
yongdingmennei_aq#8,36.0,51.0,122.0
yongdingmennei_aq#9,29.0,65.0,121.0
yongdingmennei_aq#10,27.0,63.0,119.0
yongdingmennei_aq#11,31.0,68.0,117.0
yongdingmennei_aq#12,42.0,71.0,103.0
yongdingmennei_aq#13,39.0,66.0,91.0
yongdingmennei_aq#14,44.0,74.0,81.0
yongdingmennei_aq#15,54.0,89.0,54.0
yongdingmennei_aq#16,61.0,93.0,51.0
yongdingmennei_aq#17,66.0,94.0,37.0
yongdingmennei_aq#18,75.0,86.0,24.0
yongdingmennei_aq#19,63.0,102.0,29.0
yongdingmennei_aq#20,82.0,95.0,66.53
yongdingmennei_aq#21,158.0,76.67,2.0
yongdingmennei_aq#22,97.0,109.0,2.0
yongdingmennei_aq#23,140.0,146.0,2.0
yongdingmennei_aq#24,64.0,100.0,15.0
yongdingmennei_aq#25,38.0,63.0,54.0
yongdingmennei_aq#26,29.0,37.0,73.0
yongdingmennei_aq#27,22.0,38.0,85.0
yongdingmennei_aq#28,25.0,38.0,84.0
yongdingmennei_aq#29,10.0,27.0,104.0
yongdingmennei_aq#30,19.0,42.0,122.0
yongdingmennei_aq#31,10.0,43.0,121.0
yongdingmennei_aq#32,36.0,51.0,122.0
yongdingmennei_aq#33,29.0,65.0,121.0
yongdingmennei_aq#34,27.0,63.0,119.0
yongdingmennei_aq#35,31.0,68.0,117.0
yongdingmennei_aq#36,42.0,71.0,103.0
yongdingmennei_aq#37,39.0,66.0,91.0
yongdingmennei_aq#38,44.0,74.0,81.0
yongdingmennei_aq#39,54.0,89.0,54.0
yongdingmennei_aq#40,61.0,93.0,51.0
yongdingmennei_aq#41,66.0,94.0,37.0
yongdingmennei_aq#42,75.0,86.0,24.0
yongdingmennei_aq#43,63.0,102.0,29.0
yongdingmennei_aq#44,82.0,95.0,66.53
yongdingmennei_aq#45,158.0,76.67,2.0
yongdingmennei_aq#46,97.0,109.0,2.0
yongdingmennei_aq#47,140.0,146.0,2.0
xizhimenbei_aq#0,29.57,76.67,66.53
xizhimenbei_aq#1,21.0,41.0,45.0
xizhimenbei_aq#2,18.0,40.0,55.0
xizhimenbei_aq#3,16.0,31.0,67.0
xizhimenbei_aq#4,21.0,36.0,66.0
xizhimenbei_aq#5,14.0,31.0,80.0
xizhimenbei_aq#6,24.0,44.0,98.0
xizhimenbei_aq#7,19.0,42.0,98.0
xizhimenbei_aq#8,16.0,52.0,96.0
xizhimenbei_aq#9,19.0,72.0,98.0
xizhimenbei_aq#10,25.0,71.0,89.0
xizhimenbei_aq#11,88.0,76.67,84.0
xizhimenbei_aq#12,96.0,76.67,70.0
xizhimenbei_aq#13,32.0,80.0,59.0
xizhimenbei_aq#14,41.0,74.0,50.0
xizhimenbei_aq#15,40.0,80.0,39.0
xizhimenbei_aq#16,48.0,98.0,31.0
xizhimenbei_aq#17,43.0,103.0,28.0
xizhimenbei_aq#18,48.0,110.0,13.0
xizhimenbei_aq#19,64.0,115.0,3.0
xizhimenbei_aq#20,79.0,120.0,66.53
xizhimenbei_aq#21,56.0,106.0,2.0
xizhimenbei_aq#22,47.0,124.0,2.0
xizhimenbei_aq#23,47.0,146.0,2.0
xizhimenbei_aq#24,29.57,76.67,66.53
xizhimenbei_aq#25,21.0,41.0,45.0
xizhimenbei_aq#26,18.0,40.0,55.0
xizhimenbei_aq#27,16.0,31.0,67.0
xizhimenbei_aq#28,21.0,36.0,66.0
xizhimenbei_aq#29,14.0,31.0,80.0
xizhimenbei_aq#30,24.0,44.0,98.0
xizhimenbei_aq#31,19.0,42.0,98.0
xizhimenbei_aq#32,16.0,52.0,96.0
xizhimenbei_aq#33,19.0,72.0,98.0
xizhimenbei_aq#34,25.0,71.0,89.0
xizhimenbei_aq#35,88.0,76.67,84.0
xizhimenbei_aq#36,96.0,76.67,70.0
xizhimenbei_aq#37,32.0,80.0,59.0
xizhimenbei_aq#38,41.0,74.0,50.0
xizhimenbei_aq#39,40.0,80.0,39.0
xizhimenbei_aq#40,48.0,98.0,31.0
xizhimenbei_aq#41,43.0,103.0,28.0
xizhimenbei_aq#42,48.0,110.0,13.0
xizhimenbei_aq#43,64.0,115.0,3.0
xizhimenbei_aq#44,79.0,120.0,66.53
xizhimenbei_aq#45,56.0,106.0,2.0
xizhimenbei_aq#46,47.0,124.0,2.0
xizhimenbei_aq#47,47.0,146.0,2.0
nansanhuan_aq#0,32.0,146.0,8.0
nansanhuan_aq#1,21.0,96.0,33.0
nansanhuan_aq#2,15.0,72.0,51.0
nansanhuan_aq#3,14.0,62.0,50.0
nansanhuan_aq#4,12.0,76.0,60.0
nansanhuan_aq#5,29.0,82.0,78.0
nansanhuan_aq#6,27.0,102.0,82.0
nansanhuan_aq#7,14.0,82.0,86.0
nansanhuan_aq#8,16.0,64.0,88.0
nansanhuan_aq#9,18.0,81.0,90.0
nansanhuan_aq#10,21.0,75.0,78.0
nansanhuan_aq#11,28.0,72.0,75.0
nansanhuan_aq#12,36.0,83.0,57.0
nansanhuan_aq#13,31.0,80.0,51.0
nansanhuan_aq#14,37.0,88.0,41.0
nansanhuan_aq#15,46.0,95.0,24.0
nansanhuan_aq#16,51.0,108.0,24.0
nansanhuan_aq#17,95.0,112.0,18.0
nansanhuan_aq#18,60.0,106.0,10.0
nansanhuan_aq#19,51.0,100.0,17.0
nansanhuan_aq#20,52.0,101.0,4.0
nansanhuan_aq#21,63.0,108.0,2.0
nansanhuan_aq#22,68.0,140.0,2.0
nansanhuan_aq#23,72.0,161.0,2.0
nansanhuan_aq#24,32.0,146.0,8.0
nansanhuan_aq#25,21.0,96.0,33.0
nansanhuan_aq#26,15.0,72.0,51.0
nansanhuan_aq#27,14.0,62.0,50.0
nansanhuan_aq#28,12.0,76.0,60.0
nansanhuan_aq#29,29.0,82.0,78.0
nansanhuan_aq#30,27.0,102.0,82.0
nansanhuan_aq#31,14.0,82.0,86.0
nansanhuan_aq#32,16.0,64.0,88.0
nansanhuan_aq#33,18.0,81.0,90.0
nansanhuan_aq#34,21.0,75.0,78.0
nansanhuan_aq#35,28.0,72.0,75.0
nansanhuan_aq#36,36.0,83.0,57.0
nansanhuan_aq#37,31.0,80.0,51.0
nansanhuan_aq#38,37.0,88.0,41.0
nansanhuan_aq#39,46.0,95.0,24.0
nansanhuan_aq#40,51.0,108.0,24.0
nansanhuan_aq#41,95.0,112.0,18.0
nansanhuan_aq#42,60.0,106.0,10.0
nansanhuan_aq#43,51.0,100.0,17.0
nansanhuan_aq#44,52.0,101.0,4.0
nansanhuan_aq#45,63.0,108.0,2.0
nansanhuan_aq#46,68.0,140.0,2.0
nansanhuan_aq#47,72.0,161.0,2.0
dongsihuan_aq#0,42.0,128.0,13.0
dongsihuan_aq#1,31.0,87.0,46.0
dongsihuan_aq#2,30.0,71.0,47.0
dongsihuan_aq#3,29.0,64.0,67.0
dongsihuan_aq#4,26.0,49.0,82.0
dongsihuan_aq#5,31.0,76.67,84.0
dongsihuan_aq#6,30.0,43.0,97.0
dongsihuan_aq#7,35.0,63.0,99.0
dongsihuan_aq#8,24.0,77.0,108.0
dongsihuan_aq#9,33.0,67.0,104.0
dongsihuan_aq#10,32.0,72.0,106.0
dongsihuan_aq#11,36.0,75.0,105.0
dongsihuan_aq#12,36.0,76.0,99.0
dongsihuan_aq#13,31.0,73.0,87.0
dongsihuan_aq#14,37.0,58.0,82.0
dongsihuan_aq#15,42.0,68.0,67.0
dongsihuan_aq#16,43.0,76.0,58.0
dongsihuan_aq#17,47.0,92.0,18.0
dongsihuan_aq#18,47.0,101.0,25.0
dongsihuan_aq#19,54.0,121.0,2.0
dongsihuan_aq#20,53.0,142.0,2.0
dongsihuan_aq#21,50.0,143.0,2.0
dongsihuan_aq#22,50.0,139.0,2.0
dongsihuan_aq#23,52.0,129.0,2.0
dongsihuan_aq#24,42.0,128.0,13.0
dongsihuan_aq#25,31.0,87.0,46.0
dongsihuan_aq#26,30.0,71.0,47.0
dongsihuan_aq#27,29.0,64.0,67.0
dongsihuan_aq#28,26.0,49.0,82.0
dongsihuan_aq#29,31.0,76.67,84.0
dongsihuan_aq#30,30.0,43.0,97.0
dongsihuan_aq#31,35.0,63.0,99.0
dongsihuan_aq#32,24.0,77.0,108.0
dongsihuan_aq#33,33.0,67.0,104.0
dongsihuan_aq#34,32.0,72.0,106.0
dongsihuan_aq#35,36.0,75.0,105.0
dongsihuan_aq#36,36.0,76.0,99.0
dongsihuan_aq#37,31.0,73.0,87.0
dongsihuan_aq#38,37.0,58.0,82.0
dongsihuan_aq#39,42.0,68.0,67.0
dongsihuan_aq#40,43.0,76.0,58.0
dongsihuan_aq#41,47.0,92.0,18.0
dongsihuan_aq#42,47.0,101.0,25.0
dongsihuan_aq#43,54.0,121.0,2.0
dongsihuan_aq#44,53.0,142.0,2.0
dongsihuan_aq#45,50.0,143.0,2.0
dongsihuan_aq#46,50.0,139.0,2.0
dongsihuan_aq#47,52.0,129.0,2.0
CD1#0,14.0,23.7,0.0
CD1#1,14.0,21.9,0.0
CD1#2,10.8,17.7,0.0
CD1#3,10.5,17.5,0.0
CD1#4,8.7,21.5,0.0
CD1#5,11.2,18.8,0.0
CD1#6,12.3,17.9,0.0
CD1#7,17.38,26.88,0.0
CD1#8,13.6,18.6,0.0
CD1#9,13.7,20.9,0.0
CD1#10,17.5,24.9,0.0
CD1#11,20.1,28.6,0.0
CD1#12,20.8,27.8,0.0
CD1#13,20.7,27.3,0.0
CD1#14,20.9,28.1,0.0
CD1#15,17.7,26.7,0.0
CD1#16,19.8,26.6,0.0
CD1#17,24.4,30.4,0.0
CD1#18,23.7,27.0,0.0
CD1#19,23.5,27.6,0.0
CD1#20,20.9,25.5,0.0
CD1#21,20.2,29.1,0.0
CD1#22,31.1,31.0,0.0
CD1#23,26.8,37.6,0.0
CD1#24,14.0,23.7,0.0
CD1#25,14.0,21.9,0.0
CD1#26,10.8,17.7,0.0
CD1#27,10.5,17.5,0.0
CD1#28,8.7,21.5,0.0
CD1#29,11.2,18.8,0.0
CD1#30,12.3,17.9,0.0
CD1#31,17.38,26.88,0.0
CD1#32,13.6,18.6,0.0
CD1#33,13.7,20.9,0.0
CD1#34,17.5,24.9,0.0
CD1#35,20.1,28.6,0.0
CD1#36,20.8,27.8,0.0
CD1#37,20.7,27.3,0.0
CD1#38,20.9,28.1,0.0
CD1#39,17.7,26.7,0.0
CD1#40,19.8,26.6,0.0
CD1#41,24.4,30.4,0.0
CD1#42,23.7,27.0,0.0
CD1#43,23.5,27.6,0.0
CD1#44,20.9,25.5,0.0
CD1#45,20.2,29.1,0.0
CD1#46,31.1,31.0,0.0
CD1#47,26.8,37.6,0.0
BL0#0,11.6,19.1,0.0
BL0#1,7.2,15.2,0.0
BL0#2,7.2,20.6,0.0
BL0#3,8.6,14.8,0.0
BL0#4,8.2,18.5,0.0
BL0#5,7.7,16.6,0.0
BL0#6,7.6,14.3,0.0
BL0#7,17.38,26.88,0.0
BL0#8,8.2,15.9,0.0
BL0#9,10.9,17.4,0.0
BL0#10,11.9,19.2,0.0
BL0#11,12.7,21.9,0.0
BL0#12,13.9,25.5,0.0
BL0#13,15.1,25.1,0.0
BL0#14,17.8,25.7,0.0
BL0#15,14.1,22.1,0.0
BL0#16,13.6,19.2,0.0
BL0#17,22.0,31.6,0.0
BL0#18,18.3,28.3,0.0
BL0#19,17.9,27.6,0.0
BL0#20,19.6,26.4,0.0
BL0#21,20.1,29.1,0.0
BL0#22,25.6,30.1,0.0
BL0#23,25.4,38.6,0.0
BL0#24,11.6,19.1,0.0
BL0#25,7.2,15.2,0.0
BL0#26,7.2,20.6,0.0
BL0#27,8.6,14.8,0.0
BL0#28,8.2,18.5,0.0
BL0#29,7.7,16.6,0.0
BL0#30,7.6,14.3,0.0
BL0#31,17.38,26.88,0.0
BL0#32,8.2,15.9,0.0
BL0#33,10.9,17.4,0.0
BL0#34,11.9,19.2,0.0
BL0#35,12.7,21.9,0.0
BL0#36,13.9,25.5,0.0
BL0#37,15.1,25.1,0.0
BL0#38,17.8,25.7,0.0
BL0#39,14.1,22.1,0.0
BL0#40,13.6,19.2,0.0
BL0#41,22.0,31.6,0.0
BL0#42,18.3,28.3,0.0
BL0#43,17.9,27.6,0.0
BL0#44,19.6,26.4,0.0
BL0#45,20.1,29.1,0.0
BL0#46,25.6,30.1,0.0
BL0#47,25.4,38.6,0.0
GR4#0,5.4,19.2,0.0
GR4#1,12.6,10.8,0.0
GR4#2,6.5,12.5,0.0
GR4#3,9.9,10.8,0.0
GR4#4,10.1,13.0,0.0
GR4#5,8.6,12.9,0.0
GR4#6,8.2,13.9,0.0
GR4#7,17.38,26.88,0.0
GR4#8,7.6,16.1,0.0
GR4#9,8.2,14.4,0.0
GR4#10,7.9,17.4,0.0
GR4#11,16.5,21.1,0.0
GR4#12,19.4,24.8,0.0
GR4#13,18.4,28.6,0.0
GR4#14,14.9,26.1,0.0
GR4#15,13.0,26.9,0.0
GR4#16,15.6,22.7,0.0
GR4#17,19.0,23.4,0.0
GR4#18,18.3,24.9,0.0
GR4#19,20.5,24.6,0.0
GR4#20,20.6,27.5,0.0
GR4#21,29.2,31.1,0.0
GR4#22,27.1,40.4,0.0
GR4#23,13.3,22.1,0.0
GR4#24,5.4,19.2,0.0
GR4#25,12.6,10.8,0.0
GR4#26,6.5,12.5,0.0
GR4#27,9.9,10.8,0.0
GR4#28,10.1,13.0,0.0
GR4#29,8.6,12.9,0.0
GR4#30,8.2,13.9,0.0
GR4#31,17.38,26.88,0.0
GR4#32,7.6,16.1,0.0
GR4#33,8.2,14.4,0.0
GR4#34,7.9,17.4,0.0
GR4#35,16.5,21.1,0.0
GR4#36,19.4,24.8,0.0
GR4#37,18.4,28.6,0.0
GR4#38,14.9,26.1,0.0
GR4#39,13.0,26.9,0.0
GR4#40,15.6,22.7,0.0
GR4#41,19.0,23.4,0.0
GR4#42,18.3,24.9,0.0
GR4#43,20.5,24.6,0.0
GR4#44,20.6,27.5,0.0
GR4#45,29.2,31.1,0.0
GR4#46,27.1,40.4,0.0
GR4#47,13.3,22.1,0.0
MY7#0,16.1,23.5,0.0
MY7#1,13.7,25.5,0.0
MY7#2,11.0,22.9,0.0
MY7#3,10.8,23.7,0.0
MY7#4,11.9,24.1,0.0
MY7#5,12.3,26.9,0.0
MY7#6,15.0,24.5,0.0
MY7#7,17.38,26.88,0.0
MY7#8,13.7,28.0,0.0
MY7#9,15.7,32.2,0.0
MY7#10,16.6,29.9,0.0
MY7#11,17.6,32.4,0.0
MY7#12,18.7,32.2,0.0
MY7#13,19.8,36.5,0.0
MY7#14,15.8,31.7,0.0
MY7#15,16.8,30.7,0.0
MY7#16,12.7,32.2,0.0
MY7#17,18.5,31.7,0.0
MY7#18,17.7,31.0,0.0
MY7#19,21.1,29.3,0.0
MY7#20,18.8,26.6,0.0
MY7#21,24.7,31.1,0.0
MY7#22,24.5,42.7,0.0
MY7#23,24.8,47.0,0.0
MY7#24,16.1,23.5,0.0
MY7#25,13.7,25.5,0.0
MY7#26,11.0,22.9,0.0
MY7#27,10.8,23.7,0.0
MY7#28,11.9,24.1,0.0
MY7#29,12.3,26.9,0.0
MY7#30,15.0,24.5,0.0
MY7#31,17.38,26.88,0.0
MY7#32,13.7,28.0,0.0
MY7#33,15.7,32.2,0.0
MY7#34,16.6,29.9,0.0
MY7#35,17.6,32.4,0.0
MY7#36,18.7,32.2,0.0
MY7#37,19.8,36.5,0.0
MY7#38,15.8,31.7,0.0
MY7#39,16.8,30.7,0.0
MY7#40,12.7,32.2,0.0
MY7#41,18.5,31.7,0.0
MY7#42,17.7,31.0,0.0
MY7#43,21.1,29.3,0.0
MY7#44,18.8,26.6,0.0
MY7#45,24.7,31.1,0.0
MY7#46,24.5,42.7,0.0
MY7#47,24.8,47.0,0.0
HV1#0,15.1,40.3,0.0
HV1#1,11.7,34.5,0.0
HV1#2,12.1,37.2,0.0
HV1#3,11.3,30.1,0.0
HV1#4,9.1,31.5,0.0
HV1#5,15.4,39.5,0.0
HV1#6,12.0,29.7,0.0
HV1#7,17.38,26.88,0.0
HV1#8,11.0,19.8,0.0
HV1#9,12.2,23.1,0.0
HV1#10,13.6,23.0,0.0
HV1#11,16.2,26.1,0.0
HV1#12,19.8,28.9,0.0
HV1#13,20.9,31.8,0.0
HV1#14,16.8,25.4,0.0
HV1#15,21.4,26.8,0.0
HV1#16,29.5,33.5,0.0
HV1#17,23.1,25.8,0.0
HV1#18,21.1,22.8,0.0
HV1#19,18.9,20.6,0.0
HV1#20,27.8,30.1,0.0
HV1#21,35.3,37.5,0.0
HV1#22,24.4,26.8,0.0
HV1#23,20.9,25.2,0.0
HV1#24,15.1,40.3,0.0
HV1#25,11.7,34.5,0.0
HV1#26,12.1,37.2,0.0
HV1#27,11.3,30.1,0.0
HV1#28,9.1,31.5,0.0
HV1#29,15.4,39.5,0.0
HV1#30,12.0,29.7,0.0
HV1#31,17.38,26.88,0.0
HV1#32,11.0,19.8,0.0
HV1#33,12.2,23.1,0.0
HV1#34,13.6,23.0,0.0
HV1#35,16.2,26.1,0.0
HV1#36,19.8,28.9,0.0
HV1#37,20.9,31.8,0.0
HV1#38,16.8,25.4,0.0
HV1#39,21.4,26.8,0.0
HV1#40,29.5,33.5,0.0
HV1#41,23.1,25.8,0.0
HV1#42,21.1,22.8,0.0
HV1#43,18.9,20.6,0.0
HV1#44,27.8,30.1,0.0
HV1#45,35.3,37.5,0.0
HV1#46,24.4,26.8,0.0
HV1#47,20.9,25.2,0.0
GN3#0,11.9,22.9,0.0
GN3#1,7.4,13.9,0.0
GN3#2,7.0,13.3,0.0
GN3#3,7.6,17.3,0.0
GN3#4,10.5,15.4,0.0
GN3#5,9.5,15.7,0.0
GN3#6,9.2,15.5,0.0
GN3#7,17.38,26.88,0.0
GN3#8,8.9,17.3,0.0
GN3#9,12.3,18.3,0.0
GN3#10,15.4,18.9,0.0
GN3#11,19.2,25.9,0.0
GN3#12,24.1,33.0,0.0
GN3#13,26.4,36.0,0.0
GN3#14,27.1,36.0,0.0
GN3#15,20.4,29.7,0.0
GN3#16,22.8,29.6,0.0
GN3#17,21.9,30.0,0.0
GN3#18,22.1,29.5,0.0
GN3#19,20.8,28.0,0.0
GN3#20,23.4,31.5,0.0
GN3#21,27.1,33.5,0.0
GN3#22,32.9,41.6,0.0
GN3#23,32.8,41.7,0.0
GN3#24,11.9,22.9,0.0
GN3#25,7.4,13.9,0.0
GN3#26,7.0,13.3,0.0
GN3#27,7.6,17.3,0.0
GN3#28,10.5,15.4,0.0
GN3#29,9.5,15.7,0.0
GN3#30,9.2,15.5,0.0
GN3#31,17.38,26.88,0.0
GN3#32,8.9,17.3,0.0
GN3#33,12.3,18.3,0.0
GN3#34,15.4,18.9,0.0
GN3#35,19.2,25.9,0.0
GN3#36,24.1,33.0,0.0
GN3#37,26.4,36.0,0.0
GN3#38,27.1,36.0,0.0
GN3#39,20.4,29.7,0.0
GN3#40,22.8,29.6,0.0
GN3#41,21.9,30.0,0.0
GN3#42,22.1,29.5,0.0
GN3#43,20.8,28.0,0.0
GN3#44,23.4,31.5,0.0
GN3#45,27.1,33.5,0.0
GN3#46,32.9,41.6,0.0
GN3#47,32.8,41.7,0.0
GR9#0,11.4,20.7,0.0
GR9#1,5.0,14.4,0.0
GR9#2,7.1,17.0,0.0
GR9#3,7.4,18.9,0.0
GR9#4,8.5,18.5,0.0
GR9#5,8.7,18.2,0.0
GR9#6,9.0,16.1,0.0
GR9#7,17.38,26.88,0.0
GR9#8,12.2,19.1,0.0
GR9#9,11.5,21.0,0.0
GR9#10,11.6,27.4,0.0
GR9#11,16.0,30.9,0.0
GR9#12,23.2,36.5,0.0
GR9#13,35.8,56.0,0.0
GR9#14,30.5,78.9,0.0
GR9#15,20.9,35.6,0.0
GR9#16,16.0,27.4,0.0
GR9#17,18.3,31.5,0.0
GR9#18,18.9,30.6,0.0
GR9#19,17.4,30.7,0.0
GR9#20,20.7,30.4,0.0
GR9#21,24.1,33.0,0.0
GR9#22,32.1,50.2,0.0
GR9#23,18.2,27.2,0.0
GR9#24,11.4,20.7,0.0
GR9#25,5.0,14.4,0.0
GR9#26,7.1,17.0,0.0
GR9#27,7.4,18.9,0.0
GR9#28,8.5,18.5,0.0
GR9#29,8.7,18.2,0.0
GR9#30,9.0,16.1,0.0
GR9#31,17.38,26.88,0.0
GR9#32,12.2,19.1,0.0
GR9#33,11.5,21.0,0.0
GR9#34,11.6,27.4,0.0
GR9#35,16.0,30.9,0.0
GR9#36,23.2,36.5,0.0
GR9#37,35.8,56.0,0.0
GR9#38,30.5,78.9,0.0
GR9#39,20.9,35.6,0.0
GR9#40,16.0,27.4,0.0
GR9#41,18.3,31.5,0.0
GR9#42,18.9,30.6,0.0
GR9#43,17.4,30.7,0.0
GR9#44,20.7,30.4,0.0
GR9#45,24.1,33.0,0.0
GR9#46,32.1,50.2,0.0
GR9#47,18.2,27.2,0.0
LW2#0,9.3,18.4,0.0
LW2#1,15.8,15.1,0.0
LW2#2,7.1,13.7,0.0
LW2#3,7.8,15.6,0.0
LW2#4,10.3,13.4,0.0
LW2#5,11.0,14.2,0.0
LW2#6,10.9,12.8,0.0
LW2#7,17.38,26.88,0.0
LW2#8,11.2,18.6,0.0
LW2#9,12.8,19.8,0.0
LW2#10,14.1,19.4,0.0
LW2#11,29.1,29.2,0.0
LW2#12,37.8,46.9,0.0
LW2#13,29.7,29.6,0.0
LW2#14,21.9,28.1,0.0
LW2#15,23.7,25.9,0.0
LW2#16,24.0,26.7,0.0
LW2#17,20.3,28.1,0.0
LW2#18,22.0,35.4,0.0
LW2#19,26.0,33.1,0.0
LW2#20,25.3,33.1,0.0
LW2#21,25.5,35.8,0.0
LW2#22,28.8,42.9,0.0
LW2#23,31.5,47.5,0.0
LW2#24,9.3,18.4,0.0
LW2#25,15.8,15.1,0.0
LW2#26,7.1,13.7,0.0
LW2#27,7.8,15.6,0.0
LW2#28,10.3,13.4,0.0
LW2#29,11.0,14.2,0.0
LW2#30,10.9,12.8,0.0
LW2#31,17.38,26.88,0.0
LW2#32,11.2,18.6,0.0
LW2#33,12.8,19.8,0.0
LW2#34,14.1,19.4,0.0
LW2#35,29.1,29.2,0.0
LW2#36,37.8,46.9,0.0
LW2#37,29.7,29.6,0.0
LW2#38,21.9,28.1,0.0
LW2#39,23.7,25.9,0.0
LW2#40,24.0,26.7,0.0
LW2#41,20.3,28.1,0.0
LW2#42,22.0,35.4,0.0
LW2#43,26.0,33.1,0.0
LW2#44,25.3,33.1,0.0
LW2#45,25.5,35.8,0.0
LW2#46,28.8,42.9,0.0
LW2#47,31.5,47.5,0.0
GN0#0,11.1,13.4,0.0
GN0#1,7.7,8.3,0.0
GN0#2,9.0,10.0,0.0
GN0#3,9.5,10.6,0.0
GN0#4,9.2,11.9,0.0
GN0#5,9.0,11.6,0.0
GN0#6,12.3,12.4,0.0
GN0#7,17.38,26.88,0.0
GN0#8,7.2,10.8,0.0
GN0#9,7.3,12.2,0.0
GN0#10,4.9,13.8,0.0
GN0#11,20.5,19.3,0.0
GN0#12,26.9,26.9,0.0
GN0#13,31.0,32.7,0.0
GN0#14,22.0,26.9,0.0
GN0#15,30.1,32.0,0.0
GN0#16,26.8,32.1,0.0
GN0#17,23.9,28.6,0.0
GN0#18,26.8,27.7,0.0
GN0#19,26.1,26.5,0.0
GN0#20,29.0,29.1,0.0
GN0#21,23.6,32.5,0.0
GN0#22,40.9,34.0,0.0
GN0#23,31.2,37.5,0.0
GN0#24,11.1,13.4,0.0
GN0#25,7.7,8.3,0.0
GN0#26,9.0,10.0,0.0
GN0#27,9.5,10.6,0.0
GN0#28,9.2,11.9,0.0
GN0#29,9.0,11.6,0.0
GN0#30,12.3,12.4,0.0
GN0#31,17.38,26.88,0.0
GN0#32,7.2,10.8,0.0
GN0#33,7.3,12.2,0.0
GN0#34,4.9,13.8,0.0
GN0#35,20.5,19.3,0.0
GN0#36,26.9,26.9,0.0
GN0#37,31.0,32.7,0.0
GN0#38,22.0,26.9,0.0
GN0#39,30.1,32.0,0.0
GN0#40,26.8,32.1,0.0
GN0#41,23.9,28.6,0.0
GN0#42,26.8,27.7,0.0
GN0#43,26.1,26.5,0.0
GN0#44,29.0,29.1,0.0
GN0#45,23.6,32.5,0.0
GN0#46,40.9,34.0,0.0
GN0#47,31.2,37.5,0.0
KF1#0,17.38,26.88,0.0
KF1#1,17.38,26.88,0.0
KF1#2,17.38,26.88,0.0
KF1#3,17.38,26.88,0.0
KF1#4,17.38,26.88,0.0
KF1#5,17.38,26.88,0.0
KF1#6,17.38,26.88,0.0
KF1#7,17.38,26.88,0.0
KF1#8,6.3,11.6,0.0
KF1#9,7.0,12.8,0.0
KF1#10,8.2,13.4,0.0
KF1#11,11.4,18.5,0.0
KF1#12,13.5,19.9,0.0
KF1#13,14.0,21.2,0.0
KF1#14,14.0,20.6,0.0
KF1#15,12.2,18.2,0.0
KF1#16,12.7,18.7,0.0
KF1#17,13.4,20.3,0.0
KF1#18,16.1,24.0,0.0
KF1#19,16.4,22.5,0.0
KF1#20,17.38,26.88,0.0
KF1#21,17.38,26.88,0.0
KF1#22,17.38,26.88,0.0
KF1#23,17.38,26.88,0.0
KF1#24,17.38,26.88,0.0
KF1#25,17.38,26.88,0.0
KF1#26,17.38,26.88,0.0
KF1#27,17.38,26.88,0.0
KF1#28,17.38,26.88,0.0
KF1#29,17.38,26.88,0.0
KF1#30,17.38,26.88,0.0
KF1#31,17.38,26.88,0.0
KF1#32,6.3,11.6,0.0
KF1#33,7.0,12.8,0.0
KF1#34,8.2,13.4,0.0
KF1#35,11.4,18.5,0.0
KF1#36,13.5,19.9,0.0
KF1#37,14.0,21.2,0.0
KF1#38,14.0,20.6,0.0
KF1#39,12.2,18.2,0.0
KF1#40,12.7,18.7,0.0
KF1#41,13.4,20.3,0.0
KF1#42,16.1,24.0,0.0
KF1#43,16.4,22.5,0.0
KF1#44,17.38,26.88,0.0
KF1#45,17.38,26.88,0.0
KF1#46,17.38,26.88,0.0
KF1#47,17.38,26.88,0.0
CD9#0,16.5,23.2,0.0
CD9#1,14.1,19.7,0.0
CD9#2,13.1,17.4,0.0
CD9#3,8.1,16.4,0.0
CD9#4,9.9,19.3,0.0
CD9#5,12.0,19.4,0.0
CD9#6,13.9,21.2,0.0
CD9#7,17.38,26.88,0.0
CD9#8,24.3,31.0,0.0
CD9#9,26.0,31.1,0.0
CD9#10,30.1,35.0,0.0
CD9#11,27.6,37.4,0.0
CD9#12,25.8,37.6,0.0
CD9#13,28.0,38.6,0.0
CD9#14,14.9,25.2,0.0
CD9#15,20.7,29.2,0.0
CD9#16,18.1,23.6,0.0
CD9#17,24.2,32.0,0.0
CD9#18,25.6,30.9,0.0
CD9#19,22.9,26.9,0.0
CD9#20,21.8,24.5,0.0
CD9#21,25.7,28.3,0.0
CD9#22,27.8,30.6,0.0
CD9#23,27.8,32.4,0.0
CD9#24,16.5,23.2,0.0
CD9#25,14.1,19.7,0.0
CD9#26,13.1,17.4,0.0
CD9#27,8.1,16.4,0.0
CD9#28,9.9,19.3,0.0
CD9#29,12.0,19.4,0.0
CD9#30,13.9,21.2,0.0
CD9#31,17.38,26.88,0.0
CD9#32,24.3,31.0,0.0
CD9#33,26.0,31.1,0.0
CD9#34,30.1,35.0,0.0
CD9#35,27.6,37.4,0.0
CD9#36,25.8,37.6,0.0
CD9#37,28.0,38.6,0.0
CD9#38,14.9,25.2,0.0
CD9#39,20.7,29.2,0.0
CD9#40,18.1,23.6,0.0
CD9#41,24.2,32.0,0.0
CD9#42,25.6,30.9,0.0
CD9#43,22.9,26.9,0.0
CD9#44,21.8,24.5,0.0
CD9#45,25.7,28.3,0.0
CD9#46,27.8,30.6,0.0
CD9#47,27.8,32.4,0.0
TH4#0,12.3,30.2,0.0
TH4#1,14.7,27.9,0.0
TH4#2,8.3,26.9,0.0
TH4#3,9.2,17.0,0.0
TH4#4,7.0,21.0,0.0
TH4#5,9.2,26.9,0.0
TH4#6,11.9,27.1,0.0
TH4#7,17.38,26.88,0.0
TH4#8,14.2,24.7,0.0
TH4#9,11.6,26.0,0.0
TH4#10,12.9,25.6,0.0
TH4#11,14.8,29.4,0.0
TH4#12,19.3,35.0,0.0
TH4#13,44.2,146.1,0.0
TH4#14,25.8,48.0,0.0
TH4#15,27.2,41.8,0.0
TH4#16,28.8,53.3,0.0
TH4#17,22.9,37.9,0.0
TH4#18,21.5,29.3,0.0
TH4#19,24.2,31.3,0.0
TH4#20,23.0,26.7,0.0
TH4#21,26.8,35.0,0.0
TH4#22,30.1,43.9,0.0
TH4#23,29.2,65.8,0.0
TH4#24,12.3,30.2,0.0
TH4#25,14.7,27.9,0.0
TH4#26,8.3,26.9,0.0
TH4#27,9.2,17.0,0.0
TH4#28,7.0,21.0,0.0
TH4#29,9.2,26.9,0.0
TH4#30,11.9,27.1,0.0
TH4#31,17.38,26.88,0.0
TH4#32,14.2,24.7,0.0
TH4#33,11.6,26.0,0.0
TH4#34,12.9,25.6,0.0
TH4#35,14.8,29.4,0.0
TH4#36,19.3,35.0,0.0
TH4#37,44.2,146.1,0.0
TH4#38,25.8,48.0,0.0
TH4#39,27.2,41.8,0.0
TH4#40,28.8,53.3,0.0
TH4#41,22.9,37.9,0.0
TH4#42,21.5,29.3,0.0
TH4#43,24.2,31.3,0.0
TH4#44,23.0,26.7,0.0
TH4#45,26.8,35.0,0.0
TH4#46,30.1,43.9,0.0
TH4#47,29.2,65.8,0.0
ST5#0,17.0,50.0,0.0
ST5#1,8.0,58.0,0.0
ST5#2,8.0,48.0,0.0
ST5#3,6.0,38.0,0.0
ST5#4,6.0,63.0,0.0
ST5#5,8.0,36.0,0.0
ST5#6,6.0,26.88,0.0
ST5#7,17.38,26.88,0.0
ST5#8,8.0,21.0,0.0
ST5#9,9.0,16.0,0.0
ST5#10,9.0,26.0,0.0
ST5#11,16.0,34.0,0.0
ST5#12,12.0,27.0,0.0
ST5#13,14.0,26.0,0.0
ST5#14,17.0,23.0,0.0
ST5#15,18.0,20.0,0.0
ST5#16,12.0,19.0,0.0
ST5#17,16.0,23.0,0.0
ST5#18,12.0,25.0,0.0
ST5#19,17.0,27.0,0.0
ST5#20,19.0,25.0,0.0
ST5#21,17.0,25.0,0.0
ST5#22,14.0,30.0,0.0
ST5#23,13.0,29.0,0.0
ST5#24,17.0,50.0,0.0
ST5#25,8.0,58.0,0.0
ST5#26,8.0,48.0,0.0
ST5#27,6.0,38.0,0.0
ST5#28,6.0,63.0,0.0
ST5#29,8.0,36.0,0.0
ST5#30,6.0,26.88,0.0
ST5#31,17.38,26.88,0.0
ST5#32,8.0,21.0,0.0
ST5#33,9.0,16.0,0.0
ST5#34,9.0,26.0,0.0
ST5#35,16.0,34.0,0.0
ST5#36,12.0,27.0,0.0
ST5#37,14.0,26.0,0.0
ST5#38,17.0,23.0,0.0
ST5#39,18.0,20.0,0.0
ST5#40,12.0,19.0,0.0
ST5#41,16.0,23.0,0.0
ST5#42,12.0,25.0,0.0
ST5#43,17.0,27.0,0.0
ST5#44,19.0,25.0,0.0
ST5#45,17.0,25.0,0.0
ST5#46,14.0,30.0,0.0
ST5#47,13.0,29.0,0.0
